filename,year,directory
CA.2010.HW.advanced chemical co.10047-09OCR.pdf,2010,data\2010 Import Consent Documentation Canada - OCR
CA.2010.HW.advanced chemical co.10171-10OCR.pdf,2010,data\2010 Import Consent Documentation Canada - OCR
CA.2010.HW.advanced chemical co.10294-10OCR.pdf,2010,data\2010 Import Consent Documentation Canada - OCR
CA.2010.HW.advanced chemical co.1168-8I-10OCR.pdf,2010,data\2010 Import Consent Documentation Canada - OCR
CA.2010.HW.advanced chemical co.1524-10I-10OCR.pdf,2010,data\2010 Import Consent Documentation Canada - OCR
CA.2010.HW.agmet llc.09-00482-EXPOCR.pdf,2010,data\2010 Import Consent Documentation Canada - OCR
CA.2010.HW.agmet llc.1534.10I.10OCR.pdf,2010,data\2010 Import Consent Documentation Canada - OCR
CA.2010.HW.agmet llc.521373OCR.pdf,2010,data\2010 Import Consent Documentation Canada - OCR
CA.2010.HW.alcoa.10061-09OCR.pdf,2010,data\2010 Import Consent Documentation Canada - OCR
CA.2010.HW.alcoa.10115-10aOCR.pdf,2010,data\2010 Import Consent Documentation Canada - OCR
CA.2010.HW.alcoa.10115-10bOCR.pdf,2010,data\2010 Import Consent Documentation Canada - OCR
CA.2010.HW.alcoa.10115-10cOCR.pdf,2010,data\2010 Import Consent Documentation Canada - OCR
CA.2010.HW.alcoa.10115-10dOCR.pdf,2010,data\2010 Import Consent Documentation Canada - OCR
CA.2010.HW.alcoa.10115-10eOCR.pdf,2010,data\2010 Import Consent Documentation Canada - OCR
CA.2010.HW.alcoa.10115-10fOCR.pdf,2010,data\2010 Import Consent Documentation Canada - OCR
CA.2010.HW.alcoa.10246-10aOCR.pdf,2010,data\2010 Import Consent Documentation Canada - OCR
CA.2010.HW.alcoa.10246-10bOCR.pdf,2010,data\2010 Import Consent Documentation Canada - OCR
CA.2010.HW.alcoa.10246-10cOCR.pdf,2010,data\2010 Import Consent Documentation Canada - OCR
CA.2010.HW.alcoa.10246-10dOCR.pdf,2010,data\2010 Import Consent Documentation Canada - OCR
CA.2010.HW.alcoa.10246-10eOCR.pdf,2010,data\2010 Import Consent Documentation Canada - OCR
CA.2010.HW.alcoa.10308-10aOCR.pdf,2010,data\2010 Import Consent Documentation Canada - OCR
CA.2010.HW.alcoa.10308-10bOCR.pdf,2010,data\2010 Import Consent Documentation Canada - OCR
CA.2010.HW.alcoa.10308-10cOCR.pdf,2010,data\2010 Import Consent Documentation Canada - OCR
CA.2010.HW.alcoa.10308-10dOCR.pdf,2010,data\2010 Import Consent Documentation Canada - OCR
CA.2010.HW.amlon resources llc.9797-09OCR.pdf,2010,data\2010 Import Consent Documentation Canada - OCR
CA.2010.HW.clean harbors el dorado ar.10112-10OCR.pdf,2010,data\2010 Import Consent Documentation Canada - OCR
CA.2010.HW.clean harbors el dorado ar.1070-7I-10OCR.pdf,2010,data\2010 Import Consent Documentation Canada - OCR
CA.2010.HW.clean harbors el dorado ar.1481-10I-10OCR.pdf,2010,data\2010 Import Consent Documentation Canada - OCR
CA.2010.HW.clean harbors kimball ne.1020.7I-10OCR.pdf,2010,data\2010 Import Consent Documentation Canada - OCR
CA.2010.HW.clean harbors kimball ne.10273-10aOCR.pdf,2010,data\2010 Import Consent Documentation Canada - OCR
CA.2010.HW.clean harbors kimball ne.10273-10bOCR.pdf,2010,data\2010 Import Consent Documentation Canada - OCR
CA.2010.HW.clean harbors kimball ne.10273-10cOCR.pdf,2010,data\2010 Import Consent Documentation Canada - OCR
CA.2010.HW.clean harbors kimball ne.10273-10dOCR.pdf,2010,data\2010 Import Consent Documentation Canada - OCR
CA.2010.HW.clean harbors kimball ne.10273-10eOCR.pdf,2010,data\2010 Import Consent Documentation Canada - OCR
CA.2010.HW.clean harbors kimball ne.10273-10fOCR.pdf,2010,data\2010 Import Consent Documentation Canada - OCR
CA.2010.HW.clean harbors kimball ne.10273-10gOCR.pdf,2010,data\2010 Import Consent Documentation Canada - OCR
CA.2010.HW.clean harbors kimball ne.1338-9I-10OCR.pdf,2010,data\2010 Import Consent Documentation Canada - OCR
CA.2010.HW.clean harbors kimball ne.9836-09OCR.pdf,2010,data\2010 Import Consent Documentation Canada - OCR
CA.2010.HW.clean harbors la porte tx.10175-10OCR.pdf,2010,data\2010 Import Consent Documentation Canada - OCR
CA.2010.HW.clean harbors la porte tx.854-6I-10OCR.pdf,2010,data\2010 Import Consent Documentation Canada - OCR
CA.2010.HW.cwmnw inc.10142-10OCR.pdf,2010,data\2010 Import Consent Documentation Canada - OCR
CA.2010.HW.dynecol inc.10042-09OCR.pdf,2010,data\2010 Import Consent Documentation Canada - OCR
CA.2010.HW.dynecol inc.10050-09OCR.pdf,2010,data\2010 Import Consent Documentation Canada - OCR
CA.2010.HW.dynecol inc.10154-10aOCR.pdf,2010,data\2010 Import Consent Documentation Canada - OCR
CA.2010.HW.dynecol inc.10154-10bOCR.pdf,2010,data\2010 Import Consent Documentation Canada - OCR
CA.2010.HW.dynecol inc.10154-10cOCR.pdf,2010,data\2010 Import Consent Documentation Canada - OCR
CA.2010.HW.dynecol inc.10154-10dOCR.pdf,2010,data\2010 Import Consent Documentation Canada - OCR
CA.2010.HW.dynecol inc.10154-10eOCR.pdf,2010,data\2010 Import Consent Documentation Canada - OCR
CA.2010.HW.dynecol inc.10154-10fOCR.pdf,2010,data\2010 Import Consent Documentation Canada - OCR
CA.2010.HW.dynecol inc.10162-10OCR.pdf,2010,data\2010 Import Consent Documentation Canada - OCR
CA.2010.HW.dynecol inc.10163-10OCR.pdf,2010,data\2010 Import Consent Documentation Canada - OCR
CA.2010.HW.dynecol inc.10164-10OCR.pdf,2010,data\2010 Import Consent Documentation Canada - OCR
CA.2010.HW.dynecol inc.10166-10OCR.pdf,2010,data\2010 Import Consent Documentation Canada - OCR
CA.2010.HW.dynecol inc.10245-10OCR.pdf,2010,data\2010 Import Consent Documentation Canada - OCR
CA.2010.HW.dynecol inc.10252-10OCR.pdf,2010,data\2010 Import Consent Documentation Canada - OCR
CA.2010.HW.dynecol inc.10292-10OCR.pdf,2010,data\2010 Import Consent Documentation Canada - OCR
CA.2010.HW.dynecol inc.1078-7I-10OCR.pdf,2010,data\2010 Import Consent Documentation Canada - OCR
CA.2010.HW.dynecol inc.1309-9I-10OCR.pdf,2010,data\2010 Import Consent Documentation Canada - OCR
CA.2010.HW.dynecol inc.1438-10I-10OCR.pdf,2010,data\2010 Import Consent Documentation Canada - OCR
CA.2010.HW.dynecol inc.521877OCR.pdf,2010,data\2010 Import Consent Documentation Canada - OCR
CA.2010.HW.dynecol inc.724-6I-10OCR.pdf,2010,data\2010 Import Consent Documentation Canada - OCR
CA.2010.HW.emerald services inc.829-6I-10OCR.pdf,2010,data\2010 Import Consent Documentation Canada - OCR
CA.2010.HW.gage products co.10131-10OCR.pdf,2010,data\2010 Import Consent Documentation Canada - OCR
CA.2010.HW.gage products co.10199-10OCR.pdf,2010,data\2010 Import Consent Documentation Canada - OCR
CA.2010.HW.gage products co.1330-9I-10OCR.pdf,2010,data\2010 Import Consent Documentation Canada - OCR
CA.2010.HW.giant resource recovery al.10076-09OCR.pdf,2010,data\2010 Import Consent Documentation Canada - OCR
CA.2010.HW.giant resource recovery al.10271-10OCR.pdf,2010,data\2010 Import Consent Documentation Canada - OCR
CA.2010.HW.giant resource recovery al.1429-10I-10OCR.pdf,2010,data\2010 Import Consent Documentation Canada - OCR
CA.2010.HW.giant resource recovery al.9925-09OCR.pdf,2010,data\2010 Import Consent Documentation Canada - OCR
CA.2010.HW.giant resource recovery sc.10092-09OCR.pdf,2010,data\2010 Import Consent Documentation Canada - OCR
CA.2010.HW.heraeus metal processing llc.1325-9I-10OCR.pdf,2010,data\2010 Import Consent Documentation Canada - OCR
CA.2010.HW.heritage inc.10159-10OCR.pdf,2010,data\2010 Import Consent Documentation Canada - OCR
CA.2010.HW.inmetco.10244-10OCR.pdf,2010,data\2010 Import Consent Documentation Canada - OCR
CA.2010.HW.inmetco.10301-10OCR.pdf,2010,data\2010 Import Consent Documentation Canada - OCR
CA.2010.HW.inmetco.1180-8I-10OCR.pdf,2010,data\2010 Import Consent Documentation Canada - OCR
CA.2010.HW.keystone cement co.10328-10OCR.pdf,2010,data\2010 Import Consent Documentation Canada - OCR
CA.2010.HW.keystone cement co.592-6I-10OCR.pdf,2010,data\2010 Import Consent Documentation Canada - OCR
CA.2010.HW.kw plastics.10018-09OCR.pdf,2010,data\2010 Import Consent Documentation Canada - OCR
CA.2010.HW.kw plastics.1347-9I-10OCR.pdf,2010,data\2010 Import Consent Documentation Canada - OCR
CA.2010.HW.ross incineration svcs.10129-10OCR.pdf,2010,data\2010 Import Consent Documentation Canada - OCR
CA.2010.HW.ross incineration svcs.10153-10OCR.pdf,2010,data\2010 Import Consent Documentation Canada - OCR
CA.2010.HW.ross incineration svcs.1573-11I-10OCR.pdf,2010,data\2010 Import Consent Documentation Canada - OCR
CA.2010.HW.ross incineration svcs.523.6I-10OCR.pdf,2010,data\2010 Import Consent Documentation Canada - OCR
CA.2010.HW.ross incineration svcs.9991-09OCR.pdf,2010,data\2010 Import Consent Documentation Canada - OCR
CA.2010.HW.systech corporation.10197-10OCR.pdf,2010,data\2010 Import Consent Documentation Canada - OCR
CA.2010.HW.systech corporation.10270-10OCR.pdf,2010,data\2010 Import Consent Documentation Canada - OCR
CA.2010.HW.systech corporation.9828-09bOCR.pdf,2010,data\2010 Import Consent Documentation Canada - OCR
CA.2010.HW.systech corporation.9828-09cOCR.pdf,2010,data\2010 Import Consent Documentation Canada - OCR
CA.2010.HW.systech corporation.9828-09dOCR.pdf,2010,data\2010 Import Consent Documentation Canada - OCR
CA.2010.HW.systech corporation.9828-09eOCR.pdf,2010,data\2010 Import Consent Documentation Canada - OCR
CA.2010.HW.systech corporation.9828-09OCR.pdf,2010,data\2010 Import Consent Documentation Canada - OCR
CA.2010.HW.systech corporation.9829-09aOCR.pdf,2010,data\2010 Import Consent Documentation Canada - OCR
MX.2010.HW.amlon resources llc.9842-09OCR.pdf,2010,data\2010 Import Consent Documentation Canada - OCR
MX.2010.HW.3M cottage grove cntr.OCR.pdf,2010,data\2010 Import Consent Documentation Mexico - OCR
MX.2010.HW.agmet metals inc.OCR.pdf,2010,data\2010 Import Consent Documentation Mexico - OCR
MX.2010.HW.clean harbors 2027 la porte tx.OCR.pdf,2010,data\2010 Import Consent Documentation Mexico - OCR
MX.2010.HW.cmw kettleman city ga.a.OCR.pdf,2010,data\2010 Import Consent Documentation Mexico - OCR
MX.2010.HW.cmw kettleman city ga.b.OCR.pdf,2010,data\2010 Import Consent Documentation Mexico - OCR
MX.2010.HW.cmw kettleman city ga.c.OCR.pdf,2010,data\2010 Import Consent Documentation Mexico - OCR
MX.2010.HW.cmw kettleman city ga.d.OCR.pdf,2010,data\2010 Import Consent Documentation Mexico - OCR
MX.2010.HW.safety-kleen systems inc.OCR.pdf,2010,data\2010 Import Consent Documentation Mexico - OCR
MX.2010.HW.veolia es technical solutions azusa ca.OCR.pdf,2010,data\2010 Import Consent Documentation Mexico - OCR
MX.2010.HW.world resources co.a.OCR.pdf,2010,data\2010 Import Consent Documentation Mexico - OCR
MX.2010.HW.world resources co.b.OCR.pdf,2010,data\2010 Import Consent Documentation Mexico - OCR
MX.2010.HW.world resources co.c.OCR.pdf,2010,data\2010 Import Consent Documentation Mexico - OCR
MX.2010.HW.world resources co.dOCR.pdf,2010,data\2010 Import Consent Documentation Mexico - OCR
MX.2010.HW.world resources co.e.OCR.pdf,2010,data\2010 Import Consent Documentation Mexico - OCR
MX.2010.HW.world resources co.fOCR.pdf,2010,data\2010 Import Consent Documentation Mexico - OCR
CA.2011.HW.advanced chemical co.10294-10OCR.pdf,2011,data\2011 Import Consent Documentation Canada - OCR
CA.2011.HW.advanced chemical co.1168-8I-10OCR.pdf,2011,data\2011 Import Consent Documentation Canada - OCR
CA.2011.HW.advanced chemical co.1524-10I-10OCR.pdf,2011,data\2011 Import Consent Documentation Canada - OCR
CA.2011.HW.advanced chemical co.1630-12I-10OCR.pdf,2011,data\2011 Import Consent Documentation Canada - OCR
CA.2011.HW.advanced chemical co.2236-3I-11OCR.pdf,2011,data\2011 Import Consent Documentation Canada - OCR
CA.2011.HW.advanced chemical co.2673-5I-11OCR.pdf,2011,data\2011 Import Consent Documentation Canada - OCR
CA.2011.HW.advanced chemical co.3025-7I-11OCR.pdf,2011,data\2011 Import Consent Documentation Canada - OCR
CA.2011.HW.advanced chemical co.3635-10I-11OCR.pdf,2011,data\2011 Import Consent Documentation Canada - OCR
CA.2011.HW.agmet metals inc.1534-10I-10OCR.pdf,2011,data\2011 Import Consent Documentation Canada - OCR
CA.2011.HW.agmet metals inc.1732-12I-10OCR.pdf,2011,data\2011 Import Consent Documentation Canada - OCR
CA.2011.HW.agmet metals inc.2431-3I-11OCR.pdf,2011,data\2011 Import Consent Documentation Canada - OCR
CA.2011.HW.clean harbors 2027 la porte tx.3028-7I-11OCR.pdf,2011,data\2011 Import Consent Documentation Canada - OCR
CA.2011.HW.clean harbors 500 la porte tx.1174-8I-10OCR.pdf,2011,data\2011 Import Consent Documentation Canada - OCR
CA.2011.HW.clean harbors 500 la porte tx.1181-8I-10OCR.pdf,2011,data\2011 Import Consent Documentation Canada - OCR
CA.2011.HW.clean harbors 500 la porte tx.1187-8I-10OCR.pdf,2011,data\2011 Import Consent Documentation Canada - OCR
CA.2011.HW.clean harbors 500 la porte tx.1416-10I-10OCR.pdf,2011,data\2011 Import Consent Documentation Canada - OCR
CA.2011.HW.clean harbors 500 la porte tx.1553-11I-10OCR.pdf,2011,data\2011 Import Consent Documentation Canada - OCR
CA.2011.HW.clean harbors 500 la porte tx.3297-8I-11OCR.pdf,2011,data\2011 Import Consent Documentation Canada - OCR
CA.2011.HW.clean harbors cleveland oh.3301-8I-11OCR.pdf,2011,data\2011 Import Consent Documentation Canada - OCR
CA.2011.HW.clean harbors el dorado ar.10112-10OCR.pdf,2011,data\2011 Import Consent Documentation Canada - OCR
CA.2011.HW.clean harbors el dorado ar.10326-10OCR.pdf,2011,data\2011 Import Consent Documentation Canada - OCR
CA.2011.HW.clean harbors el dorado ar.1070-7I-10aOCR.pdf,2011,data\2011 Import Consent Documentation Canada - OCR
CA.2011.HW.clean harbors el dorado ar.1481-10I-10OCR.pdf,2011,data\2011 Import Consent Documentation Canada - OCR
CA.2011.HW.clean harbors el dorado ar.1589-11I-10OCR.pdf,2011,data\2011 Import Consent Documentation Canada - OCR
CA.2011.HW.clean harbors el dorado ar.1864-1I-11OCR.pdf,2011,data\2011 Import Consent Documentation Canada - OCR
CA.2011.HW.clean harbors el dorado ar.1866-1I-11OCR.pdf,2011,data\2011 Import Consent Documentation Canada - OCR
CA.2011.HW.clean harbors el dorado ar.2072-2I-11OCR.pdf,2011,data\2011 Import Consent Documentation Canada - OCR
CA.2011.HW.clean harbors el dorado ar.2178-3I-11OCR.pdf,2011,data\2011 Import Consent Documentation Canada - OCR
CA.2011.HW.clean harbors el dorado ar.2560-4I-11OCR.pdf,2011,data\2011 Import Consent Documentation Canada - OCR
CA.2011.HW.clean harbors el dorado ar.2562-4I-11OCR.pdf,2011,data\2011 Import Consent Documentation Canada - OCR
CA.2011.HW.clean harbors el dorado ar.3099-7I-11OCR.pdf,2011,data\2011 Import Consent Documentation Canada - OCR
CA.2011.HW.clean harbors el dorado ar.678-6I-10OCR.pdf,2011,data\2011 Import Consent Documentation Canada - OCR
CA.2011.HW.clean harbors kimball ne.1020-7I-10OCR.pdf,2011,data\2011 Import Consent Documentation Canada - OCR
CA.2011.HW.clean harbors kimball ne.10273-10aOCR.pdf,2011,data\2011 Import Consent Documentation Canada - OCR
CA.2011.HW.clean harbors kimball ne.10273-10bOCR.pdf,2011,data\2011 Import Consent Documentation Canada - OCR
CA.2011.HW.clean harbors kimball ne.10273-10cOCR.pdf,2011,data\2011 Import Consent Documentation Canada - OCR
CA.2011.HW.clean harbors kimball ne.10273-10dOCR.pdf,2011,data\2011 Import Consent Documentation Canada - OCR
CA.2011.HW.clean harbors kimball ne.10273-10eOCR.pdf,2011,data\2011 Import Consent Documentation Canada - OCR
CA.2011.HW.clean harbors kimball ne.1338-9I-10aOCR.pdf,2011,data\2011 Import Consent Documentation Canada - OCR
CA.2011.HW.clean harbors kimball ne.1338-9I-10bOCR.pdf,2011,data\2011 Import Consent Documentation Canada - OCR
CA.2011.HW.clean harbors kimball ne.1338-9I-10cOCR.pdf,2011,data\2011 Import Consent Documentation Canada - OCR
CA.2011.HW.clean harbors kimball ne.1338-9I-10dOCR.pdf,2011,data\2011 Import Consent Documentation Canada - OCR
CA.2011.HW.clean harbors kimball ne.1338-9I-10eOCR.pdf,2011,data\2011 Import Consent Documentation Canada - OCR
CA.2011.HW.clean harbors kimball ne.1338-9I-10fOCR.pdf,2011,data\2011 Import Consent Documentation Canada - OCR
CA.2011.HW.clean harbors kimball ne.1338-9I-10gOCR.pdf,2011,data\2011 Import Consent Documentation Canada - OCR
CA.2011.HW.clean harbors kimball ne.1338-9I-10hOCR.pdf,2011,data\2011 Import Consent Documentation Canada - OCR
CA.2011.HW.clean harbors kimball ne.2444-3I-11aOCR.pdf,2011,data\2011 Import Consent Documentation Canada - OCR
CA.2011.HW.clean harbors kimball ne.2444-3I-11bOCR.pdf,2011,data\2011 Import Consent Documentation Canada - OCR
CA.2011.HW.clean harbors kimball ne.2444-3I-11cOCR.pdf,2011,data\2011 Import Consent Documentation Canada - OCR
CA.2011.HW.clean harbors kimball ne.2444-3I-11dOCR.pdf,2011,data\2011 Import Consent Documentation Canada - OCR
CA.2011.HW.clean harbors kimball ne.2444-3I-11eOCR.pdf,2011,data\2011 Import Consent Documentation Canada - OCR
CA.2011.HW.clean harbors kimball ne.2444-3I-11fOCR.pdf,2011,data\2011 Import Consent Documentation Canada - OCR
CA.2011.HW.clean harbors kimball ne.2444-3I-11gOCR.pdf,2011,data\2011 Import Consent Documentation Canada - OCR
CA.2011.HW.clean harbors kimball ne.2444-3I-11hOCR.pdf,2011,data\2011 Import Consent Documentation Canada - OCR
CA.2011.HW.clean harbors kimball ne.2824-6I-11OCR.pdf,2011,data\2011 Import Consent Documentation Canada - OCR
CA.2011.HW.clean harbors recycling oh.1166-8I-10OCR.pdf,2011,data\2011 Import Consent Documentation Canada - OCR
CA.2011.HW.clean harbors recycling oh.2792.6I-11OCR.pdf,2011,data\2011 Import Consent Documentation Canada - OCR
CA.2011.HW.clean harbors recycling oh.2793-6I-11OCR.pdf,2011,data\2011 Import Consent Documentation Canada - OCR
CA.2011.HW.cwmnw inc.10120-10OCR.pdf,2011,data\2011 Import Consent Documentation Canada - OCR
CA.2011.HW.cwmnw inc.10142-10OCR.pdf,2011,data\2011 Import Consent Documentation Canada - OCR
CA.2011.HW.cwmnw inc.10166-10OCR.pdf,2011,data\2011 Import Consent Documentation Canada - OCR
CA.2011.HW.cwmnw inc.1881-2I-11OCR.pdf,2011,data\2011 Import Consent Documentation Canada - OCR
CA.2011.HW.dynecol inc.10154-10aOCR.pdf,2011,data\2011 Import Consent Documentation Canada - OCR
CA.2011.HW.dynecol inc.10154-10bOCR.pdf,2011,data\2011 Import Consent Documentation Canada - OCR
CA.2011.HW.dynecol inc.10154-10cOCR.pdf,2011,data\2011 Import Consent Documentation Canada - OCR
CA.2011.HW.dynecol inc.10162-10OCR.pdf,2011,data\2011 Import Consent Documentation Canada - OCR
CA.2011.HW.dynecol inc.10164-10OCR.pdf,2011,data\2011 Import Consent Documentation Canada - OCR
CA.2011.HW.dynecol inc.10252-10aOCR.pdf,2011,data\2011 Import Consent Documentation Canada - OCR
CA.2011.HW.dynecol inc.10252-10bOCR.pdf,2011,data\2011 Import Consent Documentation Canada - OCR
CA.2011.HW.dynecol inc.10252-10cOCR.pdf,2011,data\2011 Import Consent Documentation Canada - OCR
CA.2011.HW.dynecol inc.10252-10dOCR.pdf,2011,data\2011 Import Consent Documentation Canada - OCR
CA.2011.HW.dynecol inc.10280-10aOCR.pdf,2011,data\2011 Import Consent Documentation Canada - OCR
CA.2011.HW.dynecol inc.10280-10bOCR.pdf,2011,data\2011 Import Consent Documentation Canada - OCR
CA.2011.HW.dynecol inc.10290-10OCR.pdf,2011,data\2011 Import Consent Documentation Canada - OCR
CA.2011.HW.dynecol inc.10292-10 copyOCR.pdf,2011,data\2011 Import Consent Documentation Canada - OCR
CA.2011.HW.dynecol inc.10292-10OCR.pdf,2011,data\2011 Import Consent Documentation Canada - OCR
CA.2011.HW.dynecol inc.1078-7I-10OCR.pdf,2011,data\2011 Import Consent Documentation Canada - OCR
CA.2011.HW.dynecol inc.1309-9I-10aOCR.pdf,2011,data\2011 Import Consent Documentation Canada - OCR
CA.2011.HW.dynecol inc.1309-9I-10bOCR.pdf,2011,data\2011 Import Consent Documentation Canada - OCR
CA.2011.HW.dynecol inc.1309-9I-10cOCR.pdf,2011,data\2011 Import Consent Documentation Canada - OCR
CA.2011.HW.dynecol inc.1309-9I-10dOCR.pdf,2011,data\2011 Import Consent Documentation Canada - OCR
CA.2011.HW.dynecol inc.1309-9I-10eOCR.pdf,2011,data\2011 Import Consent Documentation Canada - OCR
CA.2011.HW.dynecol inc.1309-9I-10fOCR.pdf,2011,data\2011 Import Consent Documentation Canada - OCR
CA.2011.HW.dynecol inc.1309-9I-10gOCR.pdf,2011,data\2011 Import Consent Documentation Canada - OCR
CA.2011.HW.dynecol inc.1309-9I-10hOCR.pdf,2011,data\2011 Import Consent Documentation Canada - OCR
CA.2011.HW.dynecol inc.1309-9I-10iOCR.pdf,2011,data\2011 Import Consent Documentation Canada - OCR
CA.2011.HW.dynecol inc.1309-9I-10jOCR.pdf,2011,data\2011 Import Consent Documentation Canada - OCR
CA.2011.HW.dynecol inc.1438-10I-10aOCR.pdf,2011,data\2011 Import Consent Documentation Canada - OCR
CA.2011.HW.dynecol inc.1438-10I-10bOCR.pdf,2011,data\2011 Import Consent Documentation Canada - OCR
CA.2011.HW.dynecol inc.1438-10I-10cOCR.pdf,2011,data\2011 Import Consent Documentation Canada - OCR
CA.2011.HW.dynecol inc.1438-10I-10dOCR.pdf,2011,data\2011 Import Consent Documentation Canada - OCR
CA.2011.HW.dynecol inc.1438-10I-10eOCR.pdf,2011,data\2011 Import Consent Documentation Canada - OCR
CA.2011.HW.dynecol inc.1438-10I-10gOCR.pdf,2011,data\2011 Import Consent Documentation Canada - OCR
CA.2011.HW.dynecol inc.1438-10I-10hOCR.pdf,2011,data\2011 Import Consent Documentation Canada - OCR
CA.2011.HW.dynecol inc.1438-10I-10iOCR.pdf,2011,data\2011 Import Consent Documentation Canada - OCR
CA.2011.HW.dynecol inc.1438-10I-10jOCR.pdf,2011,data\2011 Import Consent Documentation Canada - OCR
CA.2011.HW.dynecol inc.1438-10I-10kOCR.pdf,2011,data\2011 Import Consent Documentation Canada - OCR
CA.2011.HW.dynecol inc.1438-10I-10lOCR.pdf,2011,data\2011 Import Consent Documentation Canada - OCR
CA.2011.HW.dynecol inc.1627-12I-10aOCR.pdf,2011,data\2011 Import Consent Documentation Canada - OCR
CA.2011.HW.dynecol inc.1627-12I-10bOCR.pdf,2011,data\2011 Import Consent Documentation Canada - OCR
CA.2011.HW.dynecol inc.1754-1I-11aOCR.pdf,2011,data\2011 Import Consent Documentation Canada - OCR
CA.2011.HW.dynecol inc.1754-1I-11bOCR.pdf,2011,data\2011 Import Consent Documentation Canada - OCR
CA.2011.HW.dynecol inc.1754-1I-11cOCR.pdf,2011,data\2011 Import Consent Documentation Canada - OCR
CA.2011.HW.dynecol inc.1754-1I-11dOCR.pdf,2011,data\2011 Import Consent Documentation Canada - OCR
CA.2011.HW.dynecol inc.1754-1I-11eOCR.pdf,2011,data\2011 Import Consent Documentation Canada - OCR
CA.2011.HW.dynecol inc.1754-1I-11fOCR.pdf,2011,data\2011 Import Consent Documentation Canada - OCR
CA.2011.HW.dynecol inc.1754-1I-11gOCR.pdf,2011,data\2011 Import Consent Documentation Canada - OCR
CA.2011.HW.dynecol inc.1754-1I-11hOCR.pdf,2011,data\2011 Import Consent Documentation Canada - OCR
CA.2011.HW.dynecol inc.1754-1I-11iOCR.pdf,2011,data\2011 Import Consent Documentation Canada - OCR
CA.2011.HW.dynecol inc.1755-1I-11aOCR.pdf,2011,data\2011 Import Consent Documentation Canada - OCR
CA.2011.HW.dynecol inc.1755-1I-11bOCR.pdf,2011,data\2011 Import Consent Documentation Canada - OCR
CA.2011.HW.dynecol inc.1755-1I-11cOCR.pdf,2011,data\2011 Import Consent Documentation Canada - OCR
CA.2011.HW.dynecol inc.1755-1I-11dOCR.pdf,2011,data\2011 Import Consent Documentation Canada - OCR
CA.2011.HW.dynecol inc.1755-1I-11eOCR.pdf,2011,data\2011 Import Consent Documentation Canada - OCR
CA.2011.HW.dynecol inc.1755-1I-11fOCR.pdf,2011,data\2011 Import Consent Documentation Canada - OCR
CA.2011.HW.dynecol inc.1755-1I-11gOCR.pdf,2011,data\2011 Import Consent Documentation Canada - OCR
CA.2011.HW.dynecol inc.1972-2I-11aOCR.pdf,2011,data\2011 Import Consent Documentation Canada - OCR
CA.2011.HW.dynecol inc.1972-2I-11bOCR.pdf,2011,data\2011 Import Consent Documentation Canada - OCR
CA.2011.HW.dynecol inc.1972-2I-11cOCR.pdf,2011,data\2011 Import Consent Documentation Canada - OCR
CA.2011.HW.dynecol inc.1972-2I-11dOCR.pdf,2011,data\2011 Import Consent Documentation Canada - OCR
CA.2011.HW.dynecol inc.1972-2I-11eOCR.pdf,2011,data\2011 Import Consent Documentation Canada - OCR
CA.2011.HW.dynecol inc.1972-2I-11fOCR.pdf,2011,data\2011 Import Consent Documentation Canada - OCR
CA.2011.HW.dynecol inc.2419-3I-11aOCR.pdf,2011,data\2011 Import Consent Documentation Canada - OCR
CA.2011.HW.dynecol inc.2419-3I-11bOCR.pdf,2011,data\2011 Import Consent Documentation Canada - OCR
CA.2011.HW.dynecol inc.2419-3I-11cOCR.pdf,2011,data\2011 Import Consent Documentation Canada - OCR
CA.2011.HW.dynecol inc.2419-3I-11dOCR.pdf,2011,data\2011 Import Consent Documentation Canada - OCR
CA.2011.HW.dynecol inc.2419-3I-11eOCR.pdf,2011,data\2011 Import Consent Documentation Canada - OCR
CA.2011.HW.dynecol inc.2505-4I-11OCR.pdf,2011,data\2011 Import Consent Documentation Canada - OCR
CA.2011.HW.dynecol inc.2516-4I-11OCR.pdf,2011,data\2011 Import Consent Documentation Canada - OCR
CA.2011.HW.dynecol inc.2592-4I-11OCR.pdf,2011,data\2011 Import Consent Documentation Canada - OCR
CA.2011.HW.dynecol inc.2904-6I-11OCR.pdf,2011,data\2011 Import Consent Documentation Canada - OCR
CA.2011.HW.dynecol inc.3273-8I-11OCR.pdf,2011,data\2011 Import Consent Documentation Canada - OCR
CA.2011.HW.dynecol inc.3392-9I-11OCR.pdf,2011,data\2011 Import Consent Documentation Canada - OCR
CA.2011.HW.dynecol inc.3625-10I-11OCR.pdf,2011,data\2011 Import Consent Documentation Canada - OCR
CA.2011.HW.dynecol inc.724-6I-10aOCR.pdf,2011,data\2011 Import Consent Documentation Canada - OCR
CA.2011.HW.dynecol inc.724-6I-10bOCR.pdf,2011,data\2011 Import Consent Documentation Canada - OCR
CA.2011.HW.dynecol inc.724-6I-10cOCR.pdf,2011,data\2011 Import Consent Documentation Canada - OCR
CA.2011.HW.dynecol inc.724-6I-10dOCR.pdf,2011,data\2011 Import Consent Documentation Canada - OCR
CA.2011.HW.dynecol inc.724-6I-10eOCR.pdf,2011,data\2011 Import Consent Documentation Canada - OCR
CA.2011.HW.dynecol inc.724-6I-10fOCR.pdf,2011,data\2011 Import Consent Documentation Canada - OCR
CA.2011.HW.dynecol inc.724-6I-10gOCR.pdf,2011,data\2011 Import Consent Documentation Canada - OCR
CA.2011.HW.dynecol inc.724-6I-10hOCR.pdf,2011,data\2011 Import Consent Documentation Canada - OCR
CA.2011.HW.dynecol inc.724-6I-10iOCR.pdf,2011,data\2011 Import Consent Documentation Canada - OCR
CA.2011.HW.emerald services inc.829-6I-10OCR.pdf,2011,data\2011 Import Consent Documentation Canada - OCR
CA.2011.HW.envirite of oh inc.1446-10I-10OCR.pdf,2011,data\2011 Import Consent Documentation Canada - OCR
CA.2011.HW.eurecat us inc.2513-4I-11OCR.pdf,2011,data\2011 Import Consent Documentation Canada - OCR
CA.2011.HW.eurecat us inc.3001-7I-11OCR.pdf,2011,data\2011 Import Consent Documentation Canada - OCR
CA.2011.HW.gage products co.10199-10OCR.pdf,2011,data\2011 Import Consent Documentation Canada - OCR
CA.2011.HW.gage products co.1330-9I-10OCR.pdf,2011,data\2011 Import Consent Documentation Canada - OCR
CA.2011.HW.gage products co.1731-12I-10OCR.pdf,2011,data\2011 Import Consent Documentation Canada - OCR
CA.2011.HW.gage products co.2138-3I-11aOCR.pdf,2011,data\2011 Import Consent Documentation Canada - OCR
CA.2011.HW.gage products co.2138-3I-11bOCR.pdf,2011,data\2011 Import Consent Documentation Canada - OCR
CA.2011.HW.gage products co.2138-3I-11cOCR.pdf,2011,data\2011 Import Consent Documentation Canada - OCR
CA.2011.HW.gage products co.2138-3I-11dOCR.pdf,2011,data\2011 Import Consent Documentation Canada - OCR
CA.2011.HW.gage products co.2138-3I-11eOCR.pdf,2011,data\2011 Import Consent Documentation Canada - OCR
CA.2011.HW.gage products co.2138-3I-11fOCR.pdf,2011,data\2011 Import Consent Documentation Canada - OCR
CA.2011.HW.gage products co.2138-3I-11gOCR.pdf,2011,data\2011 Import Consent Documentation Canada - OCR
CA.2011.HW.gage products co.2138-3I-11hOCR.pdf,2011,data\2011 Import Consent Documentation Canada - OCR
CA.2011.HW.gage products co.2138-3I-11iOCR.pdf,2011,data\2011 Import Consent Documentation Canada - OCR
CA.2011.HW.gage products co.2138-3I-11jOCR.pdf,2011,data\2011 Import Consent Documentation Canada - OCR
CA.2011.HW.gage products co.3365-8I-11OCR.pdf,2011,data\2011 Import Consent Documentation Canada - OCR
CA.2011.HW.giant cement recovery sc.1219-8I-10OCR.pdf,2011,data\2011 Import Consent Documentation Canada - OCR
CA.2011.HW.giant resource recovery al.1429-10I-10OCR.pdf,2011,data\2011 Import Consent Documentation Canada - OCR
CA.2011.HW.giant resource recovery al.3287-8I-11OCR.pdf,2011,data\2011 Import Consent Documentation Canada - OCR
CA.2011.HW.giant resource recovery sc.1730-12I-10OCR.pdf,2011,data\2011 Import Consent Documentation Canada - OCR
CA.2011.HW.heraeus metal processing inc.1738-1I-11OCR.pdf,2011,data\2011 Import Consent Documentation Canada - OCR
CA.2011.HW.heraeus metal processing inc.680-6I-10OCR.pdf,2011,data\2011 Import Consent Documentation Canada - OCR
CA.2011.HW.inmetco.10299-10OCR.pdf,2011,data\2011 Import Consent Documentation Canada - OCR
CA.2011.HW.inmetco.1180-8I-10OCR.pdf,2011,data\2011 Import Consent Documentation Canada - OCR
CA.2011.HW.inmetco.2959-7I-11OCR.pdf,2011,data\2011 Import Consent Documentation Canada - OCR
CA.2011.HW.keystone cement co.2131-3I-11OCR.pdf,2011,data\2011 Import Consent Documentation Canada - OCR
CA.2011.HW.keystone cement co.2434-3I-11OCR.pdf,2011,data\2011 Import Consent Documentation Canada - OCR
CA.2011.HW.keystone cement co.2683-5I-11OCR.pdf,2011,data\2011 Import Consent Documentation Canada - OCR
CA.2011.HW.keystone cement co.592-6I-11OCR.pdf,2011,data\2011 Import Consent Documentation Canada - OCR
CA.2011.HW.kinsbursky brothers inc.2765-6I-11OCR.pdf,2011,data\2011 Import Consent Documentation Canada - OCR
CA.2011.HW.kw plastics.1347-9I-10aOCR.pdf,2011,data\2011 Import Consent Documentation Canada - OCR
CA.2011.HW.kw plastics.1347-9I-10bOCR.pdf,2011,data\2011 Import Consent Documentation Canada - OCR
CA.2011.HW.kw plastics.1347-9I-10cOCR.pdf,2011,data\2011 Import Consent Documentation Canada - OCR
CA.2011.HW.kw plastics.1347-9I-10dOCR.pdf,2011,data\2011 Import Consent Documentation Canada - OCR
CA.2011.HW.metallix refining inc.2966-7I-11OCR.pdf,2011,data\2011 Import Consent Documentation Canada - OCR
CA.2011.HW.reynolds metals co.10115-10OCR.pdf,2011,data\2011 Import Consent Documentation Canada - OCR
CA.2011.HW.reynolds metals co.10246-10OCR.pdf,2011,data\2011 Import Consent Documentation Canada - OCR
CA.2011.HW.reynolds metals co.10308-10OCR.pdf,2011,data\2011 Import Consent Documentation Canada - OCR
CA.2011.HW.reynolds metals co.1727-12I-10OCR.pdf,2011,data\2011 Import Consent Documentation Canada - OCR
CA.2011.HW.reynolds metals co.2515-4I-11OCR.pdf,2011,data\2011 Import Consent Documentation Canada - OCR
CA.2011.HW.reynolds metals co.2788-6I-10OCR.pdf,2011,data\2011 Import Consent Documentation Canada - OCR
CA.2011.HW.reynolds metals co.2914-6I-10OCR.pdf,2011,data\2011 Import Consent Documentation Canada - OCR
CA.2011.HW.reynolds metals co.3809-12I-11OCR.pdf,2011,data\2011 Import Consent Documentation Canada - OCR
CA.2011.HW.ross incineration svcs.10129-10OCR.pdf,2011,data\2011 Import Consent Documentation Canada - OCR
CA.2011.HW.ross incineration svcs.10153-10OCR.pdf,2011,data\2011 Import Consent Documentation Canada - OCR
CA.2011.HW.ross incineration svcs.1573-11I-10OCR.pdf,2011,data\2011 Import Consent Documentation Canada - OCR
CA.2011.HW.ross incineration svcs.1585-11I-10OCR.pdf,2011,data\2011 Import Consent Documentation Canada - OCR
CA.2011.HW.ross incineration svcs.1698-12I-10OCR.pdf,2011,data\2011 Import Consent Documentation Canada - OCR
CA.2011.HW.ross incineration svcs.3658-10I-11OCR.pdf,2011,data\2011 Import Consent Documentation Canada - OCR
CA.2011.HW.ross incineration svcs.3664-10I-11OCR.pdf,2011,data\2011 Import Consent Documentation Canada - OCR
CA.2011.HW.ross incineration svcs.523-6I-10OCR.pdf,2011,data\2011 Import Consent Documentation Canada - OCR
CA.2011.HW.systech environmental corp.10197-10OCR.pdf,2011,data\2011 Import Consent Documentation Canada - OCR
CA.2011.HW.systech environmental corp.10270-10OCR.pdf,2011,data\2011 Import Consent Documentation Canada - OCR
CA.2011.HW.systech environmental corp.1452-10I-10OCR.pdf,2011,data\2011 Import Consent Documentation Canada - OCR
CA.2011.HW.systech environmental corp.2451-3I-11OCR.pdf,2011,data\2011 Import Consent Documentation Canada - OCR
CA.2011.HW.systech environmental corp.2452-3I-11OCR.pdf,2011,data\2011 Import Consent Documentation Canada - OCR
CA.2011.HW.systech environmental corp.2514-4I-11aOCR.pdf,2011,data\2011 Import Consent Documentation Canada - OCR
CA.2011.HW.systech environmental corp.2514-4I-11bOCR.pdf,2011,data\2011 Import Consent Documentation Canada - OCR
CA.2011.HW.systech environmental corp.2514-4I-11cOCR.pdf,2011,data\2011 Import Consent Documentation Canada - OCR
CA.2011.HW.systech environmental corp.2514-4I-11dOCR.pdf,2011,data\2011 Import Consent Documentation Canada - OCR
CA.2011.HW.systech environmental corp.2514-4I-11eOCR.pdf,2011,data\2011 Import Consent Documentation Canada - OCR
CA.2011.HW.systech environmental corp.2514-4I-11fOCR.pdf,2011,data\2011 Import Consent Documentation Canada - OCR
CA.2011.HW.systech environmental corp.2514-4I-11gOCR.pdf,2011,data\2011 Import Consent Documentation Canada - OCR
CA.2011.HW.systech environmental corp.2514-4I-11hOCR.pdf,2011,data\2011 Import Consent Documentation Canada - OCR
CA.2011.HW.systech environmental corp.3258-8I-11aOCR.pdf,2011,data\2011 Import Consent Documentation Canada - OCR
CA.2011.HW.systech environmental corp.3258-8I-11bOCR.pdf,2011,data\2011 Import Consent Documentation Canada - OCR
CA.2011.HW.systech environmental corp.3258-8I-11cOCR.pdf,2011,data\2011 Import Consent Documentation Canada - OCR
CA.2011.HW.systech environmental corp.3258-8I-11dOCR.pdf,2011,data\2011 Import Consent Documentation Canada - OCR
CA.2011.HW.systech environmental corp.3689-11I-11OCR.pdf,2011,data\2011 Import Consent Documentation Canada - OCR
CA.2011.HW.systech environmental corp.9828-09aOCR.pdf,2011,data\2011 Import Consent Documentation Canada - OCR
CA.2011.HW.systech environmental corp.9828-09bOCR.pdf,2011,data\2011 Import Consent Documentation Canada - OCR
CA.2011.HW.systech environmental corp.9828-09cOCR.pdf,2011,data\2011 Import Consent Documentation Canada - OCR
CA.2011.HW.systech environmental corp.9828-09dOCR.pdf,2011,data\2011 Import Consent Documentation Canada - OCR
CA.2011.HW.systech environmental corp.9828-09eOCR.pdf,2011,data\2011 Import Consent Documentation Canada - OCR
CA.2011.HW.systech environmental corp.9828-09fOCR.pdf,2011,data\2011 Import Consent Documentation Canada - OCR
CA.2011.HW.systech environmental corp.9828-09gOCR.pdf,2011,data\2011 Import Consent Documentation Canada - OCR
CA.2011.HW.systech environmental corp.9828-09hOCR.pdf,2011,data\2011 Import Consent Documentation Canada - OCR
CA.2011.HW.tulip corporation.2569-4I-11aOCR.pdf,2011,data\2011 Import Consent Documentation Canada - OCR
CA.2011.HW.tulip corporation.2569-4I-11bOCR.pdf,2011,data\2011 Import Consent Documentation Canada - OCR
CA.2011.HW.tulip corporation.2569-4I-11cOCR.pdf,2011,data\2011 Import Consent Documentation Canada - OCR
CA.2011.HW.tulip corporation.2569-4I-11dOCR.pdf,2011,data\2011 Import Consent Documentation Canada - OCR
CA.2011.HW.tulip corporation.2569-4I-11eOCR.pdf,2011,data\2011 Import Consent Documentation Canada - OCR
CA.2011.HW.tulip corporation.2569-4I-11fOCR.pdf,2011,data\2011 Import Consent Documentation Canada - OCR
CA.2011.HW.tulip corporation.2569-4I-11gOCR.pdf,2011,data\2011 Import Consent Documentation Canada - OCR
CA.2011.HW.tulip corporation.2569-4I-11hOCR.pdf,2011,data\2011 Import Consent Documentation Canada - OCR
MX.2011.HW.3M cottage grove mn.aOCR.pdf,2011,data\2011 Import Consent Documentation Mexico - OCR
MX.2011.HW.3M cottage grove mn.bOCR.pdf,2011,data\2011 Import Consent Documentation Mexico - OCR
MX.2011.HW.agmet metals incOCR.pdf,2011,data\2011 Import Consent Documentation Mexico - OCR
MX.2011.HW.clean harbors 2017 la porte tx.2803-6I-11OCR.pdf,2011,data\2011 Import Consent Documentation Mexico - OCR
MX.2011.HW.clean harbors 2027 la porte txOCR.pdf,2011,data\2011 Import Consent Documentation Mexico - OCR
MX.2011.HW.cwm kettleman city ca.aOCR.pdf,2011,data\2011 Import Consent Documentation Mexico - OCR
MX.2011.HW.cwm kettleman city ca.bOCR.pdf,2011,data\2011 Import Consent Documentation Mexico - OCR
MX.2011.HW.cwm kettleman city ca.cOCR.pdf,2011,data\2011 Import Consent Documentation Mexico - OCR
MX.2011.HW.cwm kettleman city ca.dOCR.pdf,2011,data\2011 Import Consent Documentation Mexico - OCR
MX.2011.HW.cwm kettleman city ca.eOCR.pdf,2011,data\2011 Import Consent Documentation Mexico - OCR
MX.2011.HW.cwm kettleman city ca.fOCR.pdf,2011,data\2011 Import Consent Documentation Mexico - OCR
MX.2011.HW.cwm kettleman city ca.gOCR.pdf,2011,data\2011 Import Consent Documentation Mexico - OCR
MX.2011.HW.cwm kettleman city ca.hOCR.pdf,2011,data\2011 Import Consent Documentation Mexico - OCR
MX.2011.HW.gannon & scott.OCR.pdf,2011,data\2011 Import Consent Documentation Mexico - OCR
MX.2011.HW.rinecoOCR.pdf,2011,data\2011 Import Consent Documentation Mexico - OCR
MX.2011.HW.safety-kleen denton txOCR.pdf,2011,data\2011 Import Consent Documentation Mexico - OCR
MX.2011.HW.siemen industry inc.OCR.pdf,2011,data\2011 Import Consent Documentation Mexico - OCR
MX.2011.HW.us ecology tx.OCR.pdf,2011,data\2011 Import Consent Documentation Mexico - OCR
MX.2011.HW.veolia es technical solutions azusa ca.a.OCR.pdf,2011,data\2011 Import Consent Documentation Mexico - OCR
MX.2011.HW.veolia es technical solutions azusa ca.b.OCR.pdf,2011,data\2011 Import Consent Documentation Mexico - OCR
MX.2011.HW.veolia es technical solutions azusa ca.c.OCR.pdf,2011,data\2011 Import Consent Documentation Mexico - OCR
MX.2011.HW.veolia es technical solutions azusa ca.dOCR.pdf,2011,data\2011 Import Consent Documentation Mexico - OCR
MX.2011.HW.veolia es technical solutions azusa ca.e.OCR.pdf,2011,data\2011 Import Consent Documentation Mexico - OCR
MX.2011.HW.veolia es technical solutions azusa ca.f.OCR.pdf,2011,data\2011 Import Consent Documentation Mexico - OCR
MX.2011.HW.veolia es technical solutions azusa ca.g.OCR.pdf,2011,data\2011 Import Consent Documentation Mexico - OCR
MX.2011.HW.veolia es technical solutions azusa ca.h.OCR.pdf,2011,data\2011 Import Consent Documentation Mexico - OCR
MX.2011.HW.veolia es technical solutions azusa ca.i.OCR.pdf,2011,data\2011 Import Consent Documentation Mexico - OCR
MX.2011.HW.veolia es technical solutions azusa ca.j.OCR.pdf,2011,data\2011 Import Consent Documentation Mexico - OCR
MX.2011.HW.world resources company.a.OCR.pdf,2011,data\2011 Import Consent Documentation Mexico - OCR
MX.2011.HW.world resources company.b.OCR.pdf,2011,data\2011 Import Consent Documentation Mexico - OCR
MX.2011.HW.world resources company.c.OCR.pdf,2011,data\2011 Import Consent Documentation Mexico - OCR
MX.2011.HW.world resources company.d.OCR.pdf,2011,data\2011 Import Consent Documentation Mexico - OCR
MX.2011.HW.world resources company.e.OCR.pdf,2011,data\2011 Import Consent Documentation Mexico - OCR
MX.2011.HW.world resources company.f.OCR.pdf,2011,data\2011 Import Consent Documentation Mexico - OCR
MX.2011.HW.world resources company.g.OCR.pdf,2011,data\2011 Import Consent Documentation Mexico - OCR
MX.2011.HW.world resources company.h.OCR.pdf,2011,data\2011 Import Consent Documentation Mexico - OCR
MX.2011.HW.world resources company.i.OCR.pdf,2011,data\2011 Import Consent Documentation Mexico - OCR
CA.2012.HW.advanced chemical company.2236-3I-11OCR.pdf,2012,data\EPA Data Version 2 - OCR
CA.2012.HW.advanced chemical company.2673-5I-11OCR.pdf,2012,data\EPA Data Version 2 - OCR
CA.2012.HW.advanced chemical company.3025-7I-11OCR.pdf,2012,data\EPA Data Version 2 - OCR
CA.2012.HW.advanced chemical company.3635-10I-11OCR.pdf,2012,data\EPA Data Version 2 - OCR
CA.2012.HW.advanced chemical company.4339-3I-12OCR.pdf,2012,data\EPA Data Version 2 - OCR
CA.2012.HW.advanced chemical company.5021-6I-12OCR.pdf,2012,data\EPA Data Version 2 - OCR
CA.2012.HW.advanced chemical company.5022-6I-12OCR.pdf,2012,data\EPA Data Version 2 - OCR
CA.2012.HW.advanced chemical company.5108-6I-12OCR.pdf,2012,data\EPA Data Version 2 - OCR
CA.2012.HW.advanced chemical company.5754-10I-12OCR.pdf,2012,data\EPA Data Version 2 - OCR
CA.2012.HW.advanced chemical company.5866-11I-12OCR.pdf,2012,data\EPA Data Version 2 - OCR
CA.2012.HW.alcoa metal co.2515-4I-11aOCR.pdf,2012,data\EPA Data Version 2 - OCR
CA.2012.HW.alcoa metal co.2515-4I-11bOCR.pdf,2012,data\EPA Data Version 2 - OCR
CA.2012.HW.alcoa metal co.2515-4I-11cOCR.pdf,2012,data\EPA Data Version 2 - OCR
CA.2012.HW.alcoa metal co.2515-4I-11dOCR.pdf,2012,data\EPA Data Version 2 - OCR
CA.2012.HW.alcoa metal co.2515-4I-11eOCR.pdf,2012,data\EPA Data Version 2 - OCR
CA.2012.HW.alcoa metal co.2788-6I-11aOCR.pdf,2012,data\EPA Data Version 2 - OCR
CA.2012.HW.alcoa metal co.2788-6I-11bOCR.pdf,2012,data\EPA Data Version 2 - OCR
CA.2012.HW.alcoa metal co.2788-6I-11cOCR.pdf,2012,data\EPA Data Version 2 - OCR
CA.2012.HW.alcoa metal co.2788-6I-11dOCR.pdf,2012,data\EPA Data Version 2 - OCR
CA.2012.HW.alcoa metal co.2788-6I-11eOCR.pdf,2012,data\EPA Data Version 2 - OCR
CA.2012.HW.alcoa metal co.2788-6I-11fOCR.pdf,2012,data\EPA Data Version 2 - OCR
CA.2012.HW.alcoa metal co.2788-6I-11OCR.pdf,2012,data\EPA Data Version 2 - OCR
CA.2012.HW.alcoa metal co.3809-12I-11aOCR.pdf,2012,data\EPA Data Version 2 - OCR
CA.2012.HW.alcoa metal co.3809-12I-11bOCR.pdf,2012,data\EPA Data Version 2 - OCR
CA.2012.HW.alcoa metal co.3809-12I-11cOCR.pdf,2012,data\EPA Data Version 2 - OCR
CA.2012.HW.alcoa metal co.3809-12I-11dOCR.pdf,2012,data\EPA Data Version 2 - OCR
CA.2012.HW.alcoa metal co.3809-12I-11eOCR.pdf,2012,data\EPA Data Version 2 - OCR
CA.2012.HW.alcoa metal co.3809-12I-11fOCR.pdf,2012,data\EPA Data Version 2 - OCR
CA.2012.HW.alcoa metal co.3809-12I-11gOCR.pdf,2012,data\EPA Data Version 2 - OCR
CA.2012.HW.alcoa metal co.3809-12I-11hOCR.pdf,2012,data\EPA Data Version 2 - OCR
CA.2012.HW.alcoa metal co.3809-12I-11iOCR.pdf,2012,data\EPA Data Version 2 - OCR
CA.2012.HW.alcoa metal co.3809-12I-11jOCR.pdf,2012,data\EPA Data Version 2 - OCR
CA.2012.HW.alcoa metal co.4682-4I-12aOCR.pdf,2012,data\EPA Data Version 2 - OCR
CA.2012.HW.alcoa metal co.4682-4I-12bOCR.pdf,2012,data\EPA Data Version 2 - OCR
CA.2012.HW.alcoa metal co.4682-4I-12cOCR.pdf,2012,data\EPA Data Version 2 - OCR
CA.2012.HW.alcoa metal co.4682-4I-12dOCR.pdf,2012,data\EPA Data Version 2 - OCR
CA.2012.HW.alcoa metal co.4682-4I-12eOCR.pdf,2012,data\EPA Data Version 2 - OCR
CA.2012.HW.alcoa metal co.4682-4I-12fOCR.pdf,2012,data\EPA Data Version 2 - OCR
CA.2012.HW.alcoa metal co.4987-6I-12aOCR.pdf,2012,data\EPA Data Version 2 - OCR
CA.2012.HW.alcoa metal co.4987-6I-12bOCR.pdf,2012,data\EPA Data Version 2 - OCR
CA.2012.HW.alcoa metal co.4987-6I-12cOCR.pdf,2012,data\EPA Data Version 2 - OCR
CA.2012.HW.alcoa metal co.4987-6I-12dOCR.pdf,2012,data\EPA Data Version 2 - OCR
CA.2012.HW.alcoa metal co.4987-6I-12eOCR.pdf,2012,data\EPA Data Version 2 - OCR
CA.2012.HW.alcoa metal co.4987-6I-12fOCR.pdf,2012,data\EPA Data Version 2 - OCR
CA.2012.HW.bethlehem apparatus co inc.3422-9I-11OCR.pdf,2012,data\EPA Data Version 2 - OCR
CA.2012.HW.clean harbors 500 la porte tx.3097-7I-11OCR.pdf,2012,data\EPA Data Version 2 - OCR
CA.2012.HW.clean harbors 500 la porte tx.3297-8I-11OCR.pdf,2012,data\EPA Data Version 2 - OCR
CA.2012.HW.clean harbors 500 la porte tx.3356-8I-11OCR.pdf,2012,data\EPA Data Version 2 - OCR
CA.2012.HW.clean harbors 500 la porte tx.3559-9I-11OCR.pdf,2012,data\EPA Data Version 2 - OCR
CA.2012.HW.clean harbors 500 la porte tx.5087-6I-12OCR.pdf,2012,data\EPA Data Version 2 - OCR
CA.2012.HW.clean harbors 500 la porte tx.5289-7I-12OCR.pdf,2012,data\EPA Data Version 2 - OCR
CA.2012.HW.clean harbors 500 la porte tx.5686-9I-12OCR.pdf,2012,data\EPA Data Version 2 - OCR
CA.2012.HW.clean harbors cleveland oh.3301-8I-11OCR.pdf,2012,data\EPA Data Version 2 - OCR
CA.2012.HW.clean harbors cleveland oh.3398-9I-11OCR.pdf,2012,data\EPA Data Version 2 - OCR
CA.2012.HW.clean harbors cleveland oh.3402-9I-11OCR.pdf,2012,data\EPA Data Version 2 - OCR
CA.2012.HW.clean harbors el dorado ar.1866-1I-11OCR.pdf,2012,data\EPA Data Version 2 - OCR
CA.2012.HW.clean harbors el dorado ar.2072-2I-11OCR.pdf,2012,data\EPA Data Version 2 - OCR
CA.2012.HW.clean harbors el dorado ar.2791-6I-11OCR.pdf,2012,data\EPA Data Version 2 - OCR
CA.2012.HW.clean harbors el dorado ar.3099-7I-11aOCR.pdf,2012,data\EPA Data Version 2 - OCR
CA.2012.HW.clean harbors el dorado ar.3099-7I-11bOCR.pdf,2012,data\EPA Data Version 2 - OCR
CA.2012.HW.clean harbors el dorado ar.3099-7I-11cOCR.pdf,2012,data\EPA Data Version 2 - OCR
CA.2012.HW.clean harbors el dorado ar.3099-7I-11dOCR.pdf,2012,data\EPA Data Version 2 - OCR
CA.2012.HW.clean harbors el dorado ar.3099-7I-11eOCR.pdf,2012,data\EPA Data Version 2 - OCR
CA.2012.HW.clean harbors el dorado ar.3099-7I-11fOCR.pdf,2012,data\EPA Data Version 2 - OCR
CA.2012.HW.clean harbors el dorado ar.3099-7I-11gOCR.pdf,2012,data\EPA Data Version 2 - OCR
CA.2012.HW.clean harbors el dorado ar.3099-7I-11hOCR.pdf,2012,data\EPA Data Version 2 - OCR
CA.2012.HW.clean harbors el dorado ar.3502-9I-11aOCR.pdf,2012,data\EPA Data Version 2 - OCR
CA.2012.HW.clean harbors el dorado ar.3502-9I-11bOCR.pdf,2012,data\EPA Data Version 2 - OCR
CA.2012.HW.clean harbors el dorado ar.3502-9I-11cOCR.pdf,2012,data\EPA Data Version 2 - OCR
CA.2012.HW.clean harbors el dorado ar.3502-9I-11dOCR.pdf,2012,data\EPA Data Version 2 - OCR
CA.2012.HW.clean harbors el dorado ar.3502-9I-11eOCR.pdf,2012,data\EPA Data Version 2 - OCR
CA.2012.HW.clean harbors el dorado ar.3502-9I-11fOCR.pdf,2012,data\EPA Data Version 2 - OCR
CA.2012.HW.clean harbors el dorado ar.3502-9I-11gOCR.pdf,2012,data\EPA Data Version 2 - OCR
CA.2012.HW.clean harbors el dorado ar.3502-9I-11hOCR.pdf,2012,data\EPA Data Version 2 - OCR
CA.2012.HW.clean harbors el dorado ar.3502-9I-11iOCR.pdf,2012,data\EPA Data Version 2 - OCR
CA.2012.HW.clean harbors el dorado ar.3502-9I-11jOCR.pdf,2012,data\EPA Data Version 2 - OCR
CA.2012.HW.clean harbors el dorado ar.3502-9I-11kOCR.pdf,2012,data\EPA Data Version 2 - OCR
CA.2012.HW.clean harbors el dorado ar.3730-11I-11OCR.pdf,2012,data\EPA Data Version 2 - OCR
CA.2012.HW.clean harbors el dorado ar.4048-1I-12OCR.pdf,2012,data\EPA Data Version 2 - OCR
CA.2012.HW.clean harbors el dorado ar.4188-2I-12OCR.pdf,2012,data\EPA Data Version 2 - OCR
CA.2012.HW.clean harbors el dorado ar.4221-2I-12aOCR.pdf,2012,data\EPA Data Version 2 - OCR
CA.2012.HW.clean harbors el dorado ar.4221-2I-12bOCR.pdf,2012,data\EPA Data Version 2 - OCR
CA.2012.HW.clean harbors el dorado ar.4788-5I-12OCR.pdf,2012,data\EPA Data Version 2 - OCR
CA.2012.HW.clean harbors el dorado ar.4828-5I-12OCR.pdf,2012,data\EPA Data Version 2 - OCR
CA.2012.HW.clean harbors el dorado ar.5062-6I-12OCR.pdf,2012,data\EPA Data Version 2 - OCR
CA.2012.HW.clean harbors el dorado ar.5188-7I-12OCR.pdf,2012,data\EPA Data Version 2 - OCR
CA.2012.HW.clean harbors el dorado ar.5683-9I-12OCR.pdf,2012,data\EPA Data Version 2 - OCR
CA.2012.HW.clean harbors el dorado ar.5797-10I-12OCR.pdf,2012,data\EPA Data Version 2 - OCR
CA.2012.HW.clean harbors kimball ne.2444-3I-11aOCR.pdf,2012,data\EPA Data Version 2 - OCR
CA.2012.HW.clean harbors kimball ne.2444-3I-11bOCR.pdf,2012,data\EPA Data Version 2 - OCR
CA.2012.HW.clean harbors kimball ne.2444-3I-11cOCR.pdf,2012,data\EPA Data Version 2 - OCR
CA.2012.HW.clean harbors kimball ne.2444-3I-11dOCR.pdf,2012,data\EPA Data Version 2 - OCR
CA.2012.HW.clean harbors kimball ne.2824-6I-11OCR.pdf,2012,data\EPA Data Version 2 - OCR
CA.2012.HW.clean harbors kimball ne.3956-1I-12aOCR.pdf,2012,data\EPA Data Version 2 - OCR
CA.2012.HW.clean harbors kimball ne.3956-1I-12bOCR.pdf,2012,data\EPA Data Version 2 - OCR
CA.2012.HW.clean harbors kimball ne.3956-1I-12cOCR.pdf,2012,data\EPA Data Version 2 - OCR
CA.2012.HW.clean harbors kimball ne.3956-1I-12dOCR.pdf,2012,data\EPA Data Version 2 - OCR
CA.2012.HW.clean harbors kimball ne.3956-1I-12eOCR.pdf,2012,data\EPA Data Version 2 - OCR
CA.2012.HW.clean harbors kimball ne.3956-1I-12fOCR.pdf,2012,data\EPA Data Version 2 - OCR
CA.2012.HW.clean harbors kimball ne.3956-1I-12gOCR.pdf,2012,data\EPA Data Version 2 - OCR
CA.2012.HW.clean harbors kimball ne.3956-1I-12hOCR.pdf,2012,data\EPA Data Version 2 - OCR
CA.2012.HW.clean harbors kimball ne.3956-1I-12iOCR.pdf,2012,data\EPA Data Version 2 - OCR
CA.2012.HW.clean harbors kimball ne.3971-1I-12OCR.pdf,2012,data\EPA Data Version 2 - OCR
CA.2012.HW.clean harbors kimball ne.3985-1I-12aOCR.pdf,2012,data\EPA Data Version 2 - OCR
CA.2012.HW.clean harbors kimball ne.3985-1I-12bOCR.pdf,2012,data\EPA Data Version 2 - OCR
CA.2012.HW.clean harbors kimball ne.4006-1I-12aOCR.pdf,2012,data\EPA Data Version 2 - OCR
CA.2012.HW.clean harbors kimball ne.4006-1I-12bOCR.pdf,2012,data\EPA Data Version 2 - OCR
CA.2012.HW.clean harbors kimball ne.4169-2I-12OCR.pdf,2012,data\EPA Data Version 2 - OCR
CA.2012.HW.clean harbors kimball ne.4223-2I-12aOCR.pdf,2012,data\EPA Data Version 2 - OCR
CA.2012.HW.clean harbors kimball ne.4223-2I-12bOCR.pdf,2012,data\EPA Data Version 2 - OCR
CA.2012.HW.clean harbors kimball ne.4223-2I-12cOCR.pdf,2012,data\EPA Data Version 2 - OCR
CA.2012.HW.clean harbors kimball ne.4223-2I-12dOCR.pdf,2012,data\EPA Data Version 2 - OCR
CA.2012.HW.clean harbors kimball ne.4223-2I-12eOCR.pdf,2012,data\EPA Data Version 2 - OCR
CA.2012.HW.clean harbors kimball ne.4223-2I-12fOCR.pdf,2012,data\EPA Data Version 2 - OCR
CA.2012.HW.clean harbors kimball ne.4223-2I-12gOCR.pdf,2012,data\EPA Data Version 2 - OCR
CA.2012.HW.clean harbors kimball ne.4223-2I-12hOCR.pdf,2012,data\EPA Data Version 2 - OCR
CA.2012.HW.clean harbors kimball ne.4223-2I-12iOCR.pdf,2012,data\EPA Data Version 2 - OCR
CA.2012.HW.clean harbors kimball ne.4223-2I-12jOCR.pdf,2012,data\EPA Data Version 2 - OCR
CA.2012.HW.clean harbors kimball ne.5495-8I-12OCR.pdf,2012,data\EPA Data Version 2 - OCR
CA.2012.HW.clean harbors recycling of oh llc.2793-6I-11OCR.pdf,2012,data\EPA Data Version 2 - OCR
CA.2012.HW.clean harbors recycling of oh llc.4781-5I-12OCR.pdf,2012,data\EPA Data Version 2 - OCR
CA.2012.HW.clean harbors recycling of oh llc.5366-8I-12OCR.pdf,2012,data\EPA Data Version 2 - OCR
CA.2012.HW.cwmnw inc.10124-10aOCR.pdf,2012,data\EPA Data Version 2 - OCR
CA.2012.HW.cwmnw inc.10124-10bOCR.pdf,2012,data\EPA Data Version 2 - OCR
CA.2012.HW.cwmnw inc.10124-10cOCR.pdf,2012,data\EPA Data Version 2 - OCR
CA.2012.HW.cwmnw inc.10124-10dOCR.pdf,2012,data\EPA Data Version 2 - OCR
CA.2012.HW.cwmnw inc.10124-10eOCR.pdf,2012,data\EPA Data Version 2 - OCR
CA.2012.HW.cwmnw inc.10124-10fOCR.pdf,2012,data\EPA Data Version 2 - OCR
CA.2012.HW.cwmnw inc.10124-10gOCR.pdf,2012,data\EPA Data Version 2 - OCR
CA.2012.HW.cwmnw inc.10142-10OCR.pdf,2012,data\EPA Data Version 2 - OCR
CA.2012.HW.cwmnw inc.1881-2I-11OCR.pdf,2012,data\EPA Data Version 2 - OCR
CA.2012.HW.dynecol inc.1972-2I-11OCR.pdf,2012,data\EPA Data Version 2 - OCR
CA.2012.HW.dynecol inc.2419-3I-11aOCR.pdf,2012,data\EPA Data Version 2 - OCR
CA.2012.HW.dynecol inc.2419-3I-11cOCR.pdf,2012,data\EPA Data Version 2 - OCR
CA.2012.HW.dynecol inc.2419-3I-11dOCR.pdf,2012,data\EPA Data Version 2 - OCR
CA.2012.HW.dynecol inc.2583-4I-11OCR.pdf,2012,data\EPA Data Version 2 - OCR
CA.2012.HW.dynecol inc.2592-4I-11aOCR.pdf,2012,data\EPA Data Version 2 - OCR
CA.2012.HW.dynecol inc.2592-4I-11bOCR.pdf,2012,data\EPA Data Version 2 - OCR
CA.2012.HW.dynecol inc.2592-4I-11cOCR.pdf,2012,data\EPA Data Version 2 - OCR
CA.2012.HW.dynecol inc.2592-4I-11dOCR.pdf,2012,data\EPA Data Version 2 - OCR
CA.2012.HW.dynecol inc.2904-6I-11aOCR.pdf,2012,data\EPA Data Version 2 - OCR
CA.2012.HW.dynecol inc.2904-6I-11bOCR.pdf,2012,data\EPA Data Version 2 - OCR
CA.2012.HW.dynecol inc.2904-6I-11dOCR.pdf,2012,data\EPA Data Version 2 - OCR
CA.2012.HW.dynecol inc.2904-6I-11eOCR.pdf,2012,data\EPA Data Version 2 - OCR
CA.2012.HW.dynecol inc.2904-6I-11fOCR.pdf,2012,data\EPA Data Version 2 - OCR
CA.2012.HW.dynecol inc.2904-6I-11gOCR.pdf,2012,data\EPA Data Version 2 - OCR
CA.2012.HW.dynecol inc.3392-9I-11aOCR.pdf,2012,data\EPA Data Version 2 - OCR
CA.2012.HW.dynecol inc.3392-9I-11bOCR.pdf,2012,data\EPA Data Version 2 - OCR
CA.2012.HW.dynecol inc.3392-9I-11cOCR.pdf,2012,data\EPA Data Version 2 - OCR
CA.2012.HW.dynecol inc.3392-9I-11dOCR.pdf,2012,data\EPA Data Version 2 - OCR
CA.2012.HW.dynecol inc.3392-9I-11OCR.pdf,2012,data\EPA Data Version 2 - OCR
CA.2012.HW.dynecol inc.3625-10I-11eOCR.pdf,2012,data\EPA Data Version 2 - OCR
CA.2012.HW.dynecol inc.3700-11I-11OCR.pdf,2012,data\EPA Data Version 2 - OCR
CA.2012.HW.dynecol inc.3702-11I-11aOCR.pdf,2012,data\EPA Data Version 2 - OCR
CA.2012.HW.dynecol inc.3702-11I-11bOCR.pdf,2012,data\EPA Data Version 2 - OCR
CA.2012.HW.dynecol inc.3702-11I-11cOCR.pdf,2012,data\EPA Data Version 2 - OCR
CA.2012.HW.dynecol inc.3702-11I-11dOCR.pdf,2012,data\EPA Data Version 2 - OCR
CA.2012.HW.dynecol inc.3702-11I-11eOCR.pdf,2012,data\EPA Data Version 2 - OCR
CA.2012.HW.dynecol inc.3702-11I-11fOCR.pdf,2012,data\EPA Data Version 2 - OCR
CA.2012.HW.dynecol inc.3702-11I-11gOCR.pdf,2012,data\EPA Data Version 2 - OCR
CA.2012.HW.dynecol inc.3872-12I-11OCR.pdf,2012,data\EPA Data Version 2 - OCR
CA.2012.HW.dynecol inc.4262-2I-12aOCR.pdf,2012,data\EPA Data Version 2 - OCR
CA.2012.HW.dynecol inc.4262-2I-12bOCR.pdf,2012,data\EPA Data Version 2 - OCR
CA.2012.HW.dynecol inc.4262-2I-12cOCR.pdf,2012,data\EPA Data Version 2 - OCR
CA.2012.HW.dynecol inc.4262-2I-12dOCR.pdf,2012,data\EPA Data Version 2 - OCR
CA.2012.HW.dynecol inc.4262-2I-12eOCR.pdf,2012,data\EPA Data Version 2 - OCR
CA.2012.HW.dynecol inc.4262-2I-12fOCR.pdf,2012,data\EPA Data Version 2 - OCR
CA.2012.HW.dynecol inc.4262-2I-12gOCR.pdf,2012,data\EPA Data Version 2 - OCR
CA.2012.HW.dynecol inc.4262-2I-12hOCR.pdf,2012,data\EPA Data Version 2 - OCR
CA.2012.HW.dynecol inc.4262-2I-12iOCR.pdf,2012,data\EPA Data Version 2 - OCR
CA.2012.HW.dynecol inc.4388-3I-12aOCR.pdf,2012,data\EPA Data Version 2 - OCR
CA.2012.HW.dynecol inc.4388-3I-12bOCR.pdf,2012,data\EPA Data Version 2 - OCR
CA.2012.HW.dynecol inc.4388-3I-12cOCR.pdf,2012,data\EPA Data Version 2 - OCR
CA.2012.HW.dynecol inc.4388-3I-12dOCR.pdf,2012,data\EPA Data Version 2 - OCR
CA.2012.HW.dynecol inc.4388-3I-12eOCR.pdf,2012,data\EPA Data Version 2 - OCR
CA.2012.HW.dynecol inc.4388-3I-12fOCR.pdf,2012,data\EPA Data Version 2 - OCR
CA.2012.HW.dynecol inc.4388-3I-12gOCR.pdf,2012,data\EPA Data Version 2 - OCR
CA.2012.HW.dynecol inc.4388-3I-12hOCR.pdf,2012,data\EPA Data Version 2 - OCR
CA.2012.HW.dynecol inc.4521-3I-12aOCR.pdf,2012,data\EPA Data Version 2 - OCR
CA.2012.HW.dynecol inc.4521-3I-12bOCR.pdf,2012,data\EPA Data Version 2 - OCR
CA.2012.HW.dynecol inc.4521-3I-12cOCR.pdf,2012,data\EPA Data Version 2 - OCR
CA.2012.HW.dynecol inc.4521-3I-12dOCR.pdf,2012,data\EPA Data Version 2 - OCR
CA.2012.HW.dynecol inc.4521-3I-12eOCR.pdf,2012,data\EPA Data Version 2 - OCR
CA.2012.HW.dynecol inc.4521-3I-12fOCR.pdf,2012,data\EPA Data Version 2 - OCR
CA.2012.HW.dynecol inc.4521-3I-12gOCR.pdf,2012,data\EPA Data Version 2 - OCR
CA.2012.HW.dynecol inc.4572-3I-12OCR.pdf,2012,data\EPA Data Version 2 - OCR
CA.2012.HW.dynecol inc.4599-4I-12OCR.pdf,2012,data\EPA Data Version 2 - OCR
CA.2012.HW.dynecol inc.5057-6I-12OCR.pdf,2012,data\EPA Data Version 2 - OCR
CA.2012.HW.dynecol inc.5113-6I-12aOCR.pdf,2012,data\EPA Data Version 2 - OCR
CA.2012.HW.dynecol inc.5113-6I-12bOCR.pdf,2012,data\EPA Data Version 2 - OCR
CA.2012.HW.dynecol inc.5113-6I-12cOCR.pdf,2012,data\EPA Data Version 2 - OCR
CA.2012.HW.dynecol inc.5113-6I-12dOCR.pdf,2012,data\EPA Data Version 2 - OCR
CA.2012.HW.dynecol inc.5356-7I-12OCR.pdf,2012,data\EPA Data Version 2 - OCR
CA.2012.HW.dynecol inc.5367-8I-12OCR.pdf,2012,data\EPA Data Version 2 - OCR
CA.2012.HW.dynecol inc.5379-8I-12OCR.pdf,2012,data\EPA Data Version 2 - OCR
CA.2012.HW.dynecol inc.829-6I-10OCR.pdf,2012,data\EPA Data Version 2 - OCR
CA.2012.HW.envirite of oh inc.4716-5I-12OCR.pdf,2012,data\EPA Data Version 2 - OCR
CA.2012.HW.eq il.4760-5I-12OCR.pdf,2012,data\EPA Data Version 2 - OCR
CA.2012.HW.eurecat us inc.2721-5I-11OCR.pdf,2012,data\EPA Data Version 2 - OCR
CA.2012.HW.gage products co.2138-3I-11OCR.pdf,2012,data\EPA Data Version 2 - OCR
CA.2012.HW.gage products co.4390-3I-12aOCR.pdf,2012,data\EPA Data Version 2 - OCR
CA.2012.HW.gage products co.4390-3I-12bOCR.pdf,2012,data\EPA Data Version 2 - OCR
CA.2012.HW.gage products co.4390-3I-12cOCR.pdf,2012,data\EPA Data Version 2 - OCR
CA.2012.HW.gage products co.4390-3I-12dOCR.pdf,2012,data\EPA Data Version 2 - OCR
CA.2012.HW.gage products co.4390-3I-12eOCR.pdf,2012,data\EPA Data Version 2 - OCR
CA.2012.HW.gage products co.4390-3I-12fOCR.pdf,2012,data\EPA Data Version 2 - OCR
CA.2012.HW.gage products co.4390-3I-12gOCR.pdf,2012,data\EPA Data Version 2 - OCR
CA.2012.HW.gage products co.4390-3I-12hOCR.pdf,2012,data\EPA Data Version 2 - OCR
CA.2012.HW.gage products.3365-8I-11OCR.pdf,2012,data\EPA Data Version 2 - OCR
CA.2012.HW.giant cement recovery sc.1219-8I-10OCR.pdf,2012,data\EPA Data Version 2 - OCR
CA.2012.HW.giant resource recovery sc.1730-12I-10OCR.pdf,2012,data\EPA Data Version 2 - OCR
CA.2012.HW.giant resource recovery sc.5313-7I-12OCR.pdf,2012,data\EPA Data Version 2 - OCR
CA.2012.HW.giant resources recovery al.3049-7I-11OCR.pdf,2012,data\EPA Data Version 2 - OCR
CA.2012.HW.giant resources recovery al.3287-8I-11OCR.pdf,2012,data\EPA Data Version 2 - OCR
CA.2012.HW.heraeus metal processing inc.3286-8I-11OCR.pdf,2012,data\EPA Data Version 2 - OCR
CA.2012.HW.heraeus metal processing inc.5752-10I-12OCR.pdf,2012,data\EPA Data Version 2 - OCR
CA.2012.HW.keystone cement co.2499-4I-11OCR.pdf,2012,data\EPA Data Version 2 - OCR
CA.2012.HW.keystone cement co.2683-5I-11OCR.pdf,2012,data\EPA Data Version 2 - OCR
CA.2012.HW.keystone cement co.4219-2I-12OCR.pdf,2012,data\EPA Data Version 2 - OCR
CA.2012.HW.keystone cement co.4532-3I-12aOCR.pdf,2012,data\EPA Data Version 2 - OCR
CA.2012.HW.keystone cement co.4532-3I-12bOCR.pdf,2012,data\EPA Data Version 2 - OCR
CA.2012.HW.keystone cement co.4532-3I-12cOCR.pdf,2012,data\EPA Data Version 2 - OCR
CA.2012.HW.keystone cement co.4532-3I-12dOCR.pdf,2012,data\EPA Data Version 2 - OCR
CA.2012.HW.keystone cement co.4532-3I-12eOCR.pdf,2012,data\EPA Data Version 2 - OCR
CA.2012.HW.keystone cement co.4997-6I-12aOCR.pdf,2012,data\EPA Data Version 2 - OCR
CA.2012.HW.keystone cement co.4997-6I-12bOCR.pdf,2012,data\EPA Data Version 2 - OCR
CA.2012.HW.keystone cement co.4997-6I-12cOCR.pdf,2012,data\EPA Data Version 2 - OCR
CA.2012.HW.keystone cement co.4997-6I-12dOCR.pdf,2012,data\EPA Data Version 2 - OCR
CA.2012.HW.keystone cement co.4997-6I-12eOCR.pdf,2012,data\EPA Data Version 2 - OCR
CA.2012.HW.keystone cement co.4997-6I-12fOCR.pdf,2012,data\EPA Data Version 2 - OCR
CA.2012.HW.keystone cement co.5116-6I-12OCR.pdf,2012,data\EPA Data Version 2 - OCR
CA.2012.HW.kinsbursky brothers inc.2765-6I-11OCR.pdf,2012,data\EPA Data Version 2 - OCR
CA.2012.HW.kinsbursky brothers inc.3879-12I-11OCR.pdf,2012,data\EPA Data Version 2 - OCR
CA.2012.HW.kinsbursky brothers inc.4830-5I-12OCR.pdf,2012,data\EPA Data Version 2 - OCR
CA.2012.HW.lafarge north america inc.2677-5I-11OCR.pdf,2012,data\EPA Data Version 2 - OCR
CA.2012.HW.lafarge north america inc.4625-4I-12aOCR.pdf,2012,data\EPA Data Version 2 - OCR
CA.2012.HW.lafarge north america inc.4625-4I-12bOCR.pdf,2012,data\EPA Data Version 2 - OCR
CA.2012.HW.lafarge north america inc.4625-4I-12cOCR.pdf,2012,data\EPA Data Version 2 - OCR
CA.2012.HW.lafarge north america inc.4625-4I-12dOCR.pdf,2012,data\EPA Data Version 2 - OCR
CA.2012.HW.lafarge north america inc.4625-4I-12eOCR.pdf,2012,data\EPA Data Version 2 - OCR
CA.2012.HW.lafarge north america inc.4625-4I-12fOCR.pdf,2012,data\EPA Data Version 2 - OCR
CA.2012.HW.lafarge north america inc.4625-4I-12gOCR.pdf,2012,data\EPA Data Version 2 - OCR
CA.2012.HW.ross incineration svcs.3658-10I-11OCR.pdf,2012,data\EPA Data Version 2 - OCR
CA.2012.HW.ross incineration svcs.3664-10I-11aOCR.pdf,2012,data\EPA Data Version 2 - OCR
CA.2012.HW.ross incineration svcs.3664-10I-11bOCR.pdf,2012,data\EPA Data Version 2 - OCR
CA.2012.HW.ross incineration svcs.3664-10I-11cOCR.pdf,2012,data\EPA Data Version 2 - OCR
CA.2012.HW.ross incineration svcs.3664-10I-11dOCR.pdf,2012,data\EPA Data Version 2 - OCR
CA.2012.HW.ross incineration svcs.3664-10I-11eOCR.pdf,2012,data\EPA Data Version 2 - OCR
CA.2012.HW.ross incineration svcs.3664-10I-11fOCR.pdf,2012,data\EPA Data Version 2 - OCR
CA.2012.HW.ross incineration svcs.3664-10I-11gOCR.pdf,2012,data\EPA Data Version 2 - OCR
CA.2012.HW.ross incineration svcs.3664-10I-11hOCR.pdf,2012,data\EPA Data Version 2 - OCR
CA.2012.HW.ross incineration svcs.3664-10I-11iOCR.pdf,2012,data\EPA Data Version 2 - OCR
CA.2012.HW.ross incineration svcs.4523-3I-12OCR.pdf,2012,data\EPA Data Version 2 - OCR
CA.2012.HW.ross incineration svcs.5266-7I-12OCR.pdf,2012,data\EPA Data Version 2 - OCR
CA.2012.HW.systech environmental corp.1452-10I-10OCR.pdf,2012,data\EPA Data Version 2 - OCR
CA.2012.HW.systech environmental corp.2451-3I-11OCR.pdf,2012,data\EPA Data Version 2 - OCR
CA.2012.HW.systech environmental corp.2452-3I-11OCR.pdf,2012,data\EPA Data Version 2 - OCR
CA.2012.HW.systech environmental corp.2514-4I-11aOCR.pdf,2012,data\EPA Data Version 2 - OCR
CA.2012.HW.systech environmental corp.2514-4I-11bOCR.pdf,2012,data\EPA Data Version 2 - OCR
CA.2012.HW.systech environmental corp.2514-4I-11cOCR.pdf,2012,data\EPA Data Version 2 - OCR
CA.2012.HW.systech environmental corp.2514-4I-11dOCR.pdf,2012,data\EPA Data Version 2 - OCR
CA.2012.HW.systech environmental corp.2514-4I-11eOCR.pdf,2012,data\EPA Data Version 2 - OCR
CA.2012.HW.systech environmental corp.3258-8I-11aOCR.pdf,2012,data\EPA Data Version 2 - OCR
CA.2012.HW.systech environmental corp.3258-8I-11bOCR.pdf,2012,data\EPA Data Version 2 - OCR
CA.2012.HW.systech environmental corp.3258-8I-11cOCR.pdf,2012,data\EPA Data Version 2 - OCR
CA.2012.HW.systech environmental corp.3258-8I-11dOCR.pdf,2012,data\EPA Data Version 2 - OCR
CA.2012.HW.systech environmental corp.3258-8I-11eOCR.pdf,2012,data\EPA Data Version 2 - OCR
CA.2012.HW.systech environmental corp.3258-8I-11fOCR.pdf,2012,data\EPA Data Version 2 - OCR
CA.2012.HW.systech environmental corp.3258-8I-11gOCR.pdf,2012,data\EPA Data Version 2 - OCR
CA.2012.HW.systech environmental corp.3258-8I-11hOCR.pdf,2012,data\EPA Data Version 2 - OCR
CA.2012.HW.systech environmental corp.3689-11I-11OCR.pdf,2012,data\EPA Data Version 2 - OCR
CA.2012.HW.systech environmental corp.4331-3I-12OCR.pdf,2012,data\EPA Data Version 2 - OCR
CA.2012.HW.systech environmental corp.4353-3I-12OCR.pdf,2012,data\EPA Data Version 2 - OCR
CA.2012.HW.systech environmental corp.5522-9I-12aOCR.pdf,2012,data\EPA Data Version 2 - OCR
CA.2012.HW.systech environmental corp.5522-9I-12bOCR.pdf,2012,data\EPA Data Version 2 - OCR
CA.2012.HW.systech environmental corp.5522-9I-12cOCR.pdf,2012,data\EPA Data Version 2 - OCR
CA.2012.HW.systech environmental corp.5522-9I-12dOCR.pdf,2012,data\EPA Data Version 2 - OCR
CA.2012.HW.systech environmental corp.5522-9I-12eOCR.pdf,2012,data\EPA Data Version 2 - OCR
CA.2012.HW.systech environmental corp.5721-10I-12OCR.pdf,2012,data\EPA Data Version 2 - OCR
CA.2012.HW.tulip corporation.2569-4I-11aOCR.pdf,2012,data\EPA Data Version 2 - OCR
CA.2012.HW.tulip corporation.2569-4I-11bOCR.pdf,2012,data\EPA Data Version 2 - OCR
CA.2012.HW.tulip corporation.2569-4I-11cOCR.pdf,2012,data\EPA Data Version 2 - OCR
CA.2012.HW.tulip corporation.2569-4I-11dOCR.pdf,2012,data\EPA Data Version 2 - OCR
CA.2012.HW.tulip corporation.2569-4I-11eOCR.pdf,2012,data\EPA Data Version 2 - OCR
CA.2012.HW.tulip corporation.4584-4I-12aOCR.pdf,2012,data\EPA Data Version 2 - OCR
CA.2012.HW.tulip corporation.4584-4I-12bOCR.pdf,2012,data\EPA Data Version 2 - OCR
CA.2012.HW.tulip corporation.4584-4I-12cOCR.pdf,2012,data\EPA Data Version 2 - OCR
CA.2012.HW.tulip corporation.4584-4I-12dOCR.pdf,2012,data\EPA Data Version 2 - OCR
CA.2012.HW.tulip corporation.4584-4I-12eOCR.pdf,2012,data\EPA Data Version 2 - OCR
CA.2012.HW.tulip corporation.4584-4I-12fOCR.pdf,2012,data\EPA Data Version 2 - OCR
CA.2012.HW.tulip corporation.4584-4I-12gOCR.pdf,2012,data\EPA Data Version 2 - OCR
CA.2012.HW.tulip corporation.4584-4I-12hOCR.pdf,2012,data\EPA Data Version 2 - OCR
CA.2012.HW.veolia azusa ca.4389-3I-12OCR.pdf,2012,data\EPA Data Version 2 - OCR
CA.2012.HW.veolia port arthur tx.5320-7I-12OCR.pdf,2012,data\EPA Data Version 2 - OCR
CA.2012.HW.veolia port arthur tx.5369-8I-12OCR.pdf,2012,data\EPA Data Version 2 - OCR
CA.2012.HW.veolia port arthur tx.5371-8I-12OCR.pdf,2012,data\EPA Data Version 2 - OCR
CA.2012.HW.wm mercury waste inc.5900-11I-12OCR.pdf,2012,data\EPA Data Version 2 - OCR
CA.2012.HW.wm mercury waste solutions inc.5089-6I-12OCR.pdf,2012,data\EPA Data Version 2 - OCR
MX.2012.HW.3M cottage grove mn.OCR.pdf,2012,data\EPA Data Version 2 - OCR
MX.2012.HW.agmet metals inc.aOCR.pdf,2012,data\EPA Data Version 2 - OCR
MX.2012.HW.agmet metals inc.bOCR.pdf,2012,data\EPA Data Version 2 - OCR
MX.2012.HW.agmet metals inc.cOCR.pdf,2012,data\EPA Data Version 2 - OCR
MX.2012.HW.agmet metals inc.dOCR.pdf,2012,data\EPA Data Version 2 - OCR
MX.2012.HW.agmet metals inc.eOCR.pdf,2012,data\EPA Data Version 2 - OCR
MX.2012.HW.clean harbors 2027 la porte tx.2803-6I-11OCR.pdf,2012,data\EPA Data Version 2 - OCR
MX.2012.HW.clean harbors 2027 la porte tx.2819-6I-11OCR.pdf,2012,data\EPA Data Version 2 - OCR
MX.2012.HW.clean harbors 2027 la porte tx.aOCR.pdf,2012,data\EPA Data Version 2 - OCR
MX.2012.HW.clean harbors 2027 la porte tx.bOCR.pdf,2012,data\EPA Data Version 2 - OCR
MX.2012.HW.heraeus metal processing inc.4454-3I-12OCR.pdf,2012,data\EPA Data Version 2 - OCR
MX.2012.HW.rineco.OCR.pdf,2012,data\EPA Data Version 2 - OCR
MX.2012.HW.rsr corporation.aOCR.pdf,2012,data\EPA Data Version 2 - OCR
MX.2012.HW.rsr corporation.bOCR.pdf,2012,data\EPA Data Version 2 - OCR
MX.2012.HW.safety-kleen systems inc.OCR.pdf,2012,data\EPA Data Version 2 - OCR
MX.2012.HW.us ecology tx.aOCR.pdf,2012,data\EPA Data Version 2 - OCR
MX.2012.HW.us ecology tx.bOCR.pdf,2012,data\EPA Data Version 2 - OCR
MX.2012.HW.us ecology tx.cOCR.pdf,2012,data\EPA Data Version 2 - OCR
MX.2012.HW.veolia azusa ca.aOCR.pdf,2012,data\EPA Data Version 2 - OCR
MX.2012.HW.veolia azusa ca.bOCR.pdf,2012,data\EPA Data Version 2 - OCR
MX.2012.HW.veolia azusa ca.cOCR.pdf,2012,data\EPA Data Version 2 - OCR
MX.2012.HW.veolia azusa ca.dOCR.pdf,2012,data\EPA Data Version 2 - OCR
MX.2012.HW.veolia azusa ca.eOCR.pdf,2012,data\EPA Data Version 2 - OCR
MX.2012.HW.veolia azusa ca.fOCR.pdf,2012,data\EPA Data Version 2 - OCR
MX.2012.HW.veolia pt arthur tx.OCR.pdf,2012,data\EPA Data Version 2 - OCR
MX.2012.HW.world resources company.1993-2I-11OCR.pdf,2012,data\EPA Data Version 2 - OCR
MX.2012.HW.world resources company.3969-1I-12OCR.pdf,2012,data\EPA Data Version 2 - OCR
MX.2012.HW.world resources companyOCR.pdf,2012,data\EPA Data Version 2 - OCR
CA 2010 HW agmet-10203-10OCR.pdf,2010,data\EPA follow up data OCR
CA 2010 HW agmet-dana oakville on (2)OCR.pdf,2010,data\EPA follow up data OCR
CA 2010 HW amg-criterion catalyst abOCR.pdf,2010,data\EPA follow up data OCR
CA 2011 HW amg-shell scottford cOCR.pdf,2011,data\EPA follow up data OCR
CA 2012 HW amg-shell scotford c (2)OCR.pdf,2012,data\EPA follow up data OCR
CA.2010.HW.agmet-dana mt forget onOCR.pdf,2010,data\EPA follow up data OCR
CA.2010.HW.clean harbors 2027 tx-ch mississOCR.pdf,2010,data\EPA follow up data OCR
CA.2010.HW.clean harbors 2027 tx-ch thursoOCR.pdf,2010,data\EPA follow up data OCR
CA.2010.HW.clean harbors 500 tx-ch mississOCR.pdf,2010,data\EPA follow up data OCR
CA.2010.HW.clean harbors 500 tx-ch thursoOCR.pdf,2010,data\EPA follow up data OCR
CA.2010.HW.clean harbors el dorado-ch deltaOCR.pdf,2010,data\EPA follow up data OCR
CA.2010.HW.clean harbors el dorado-ch mississOCR.pdf,2010,data\EPA follow up data OCR
CA.2010.HW.clean harbors el dorado-ch thursoOCR.pdf,2010,data\EPA follow up data OCR
CA.2010.HW.clean harbors hebron-ch corunnaOCR.pdf,2010,data\EPA follow up data OCR
CA.2010.HW.clean harbors hebron-ch mississOCR.pdf,2010,data\EPA follow up data OCR
CA.2010.HW.clean harbors kimball-ch deltaOCR.pdf,2010,data\EPA follow up data OCR
CA.2010.HW.cmwnw inc-alcan bc.decOCR.pdf,2010,data\EPA follow up data OCR
CA.2010.HW.cmwnw inc-alcan bc.octOCR.pdf,2010,data\EPA follow up data OCR
CA.2010.HW.cmwnw inc-alcan bc.sepOCR.pdf,2010,data\EPA follow up data OCR
CA.2010.HW.cmwnw inc-ch deltaOCR.pdf,2010,data\EPA follow up data OCR
CA.2010.HW.cmwnw inc-toxcoOCR.pdf,2010,data\EPA follow up data OCR
CA.2010.HW.dynecol-arcelor mittalOCR.pdf,2010,data\EPA follow up data OCR
CA.2010.HW.dynecol-chemturaOCR.pdf,2010,data\EPA follow up data OCR
CA.2010.HW.dynecol-galvastOCR.pdf,2010,data\EPA follow up data OCR
CA.2010.HW.dynecol-puremetalOCR.pdf,2010,data\EPA follow up data OCR
CA.2010.HW.dynecol-rprOCR.pdf,2010,data\EPA follow up data OCR
CA.2010.HW.dynecol-tonolliOCR.pdf,2010,data\EPA follow up data OCR
CA.2010.HW.emerald svc-triarrowOCR.pdf,2010,data\EPA follow up data OCR
CA.2010.HW.envrite oh-nmrOCR.pdf,2010,data\EPA follow up data OCR
CA.2010.HW.eq detroit-newaltaOCR.pdf,2010,data\EPA follow up data OCR
CA.2010.HW.gage-chryslerOCR.pdf,2010,data\EPA follow up data OCR
CA.2010.HW.gage-fordOCR.pdf,2010,data\EPA follow up data OCR
CA.2010.HW.giant al-assurpackOCR.pdf,2010,data\EPA follow up data OCR
CA.2010.HW.giant al-stericycOCR.pdf,2010,data\EPA follow up data OCR
CA.2010.HW.giant sc-newaltaOCR.pdf,2010,data\EPA follow up data OCR
CA.2010.HW.inmetco-arcmittOCR.pdf,2010,data\EPA follow up data OCR
CA.2010.HW.inmetco-kuntzOCR.pdf,2010,data\EPA follow up data OCR
CA.2010.HW.inmetco-newaltaOCR.pdf,2010,data\EPA follow up data OCR
CA.2010.HW.kw-tonolliOCR.pdf,2010,data\EPA follow up data OCR
CA.2010.HW.kw-xtrataOCR.pdf,2010,data\EPA follow up data OCR
CA.2010.HW.metallurg-shell augOCR.pdf,2010,data\EPA follow up data OCR
CA.2010.HW.metallurg-shell decOCR.pdf,2010,data\EPA follow up data OCR
CA.2010.HW.metallurg-shell julOCR.pdf,2010,data\EPA follow up data OCR
CA.2010.HW.metallurg-shell novOCR.pdf,2010,data\EPA follow up data OCR
CA.2010.HW.metallurg-shell octOCR.pdf,2010,data\EPA follow up data OCR
CA.2010.HW.metallurg-shell sepOCR.pdf,2010,data\EPA follow up data OCR
CA.2010.HW.metallurg-syncrudeOCR.pdf,2010,data\EPA follow up data OCR
CA.2010.HW.ross incin-newaltaOCR.pdf,2010,data\EPA follow up data OCR
CA.2010.HW.ross incin-photechOCR.pdf,2010,data\EPA follow up data OCR
CA.2010.HW.ross incin-stercycleOCR.pdf,2010,data\EPA follow up data OCR
CA.2010.HW.systech-aimcoOCR.pdf,2010,data\EPA follow up data OCR
CA.2010.HW.systech-hotzOCR.pdf,2010,data\EPA follow up data OCR
CA.2010.HW.tulip-tonolli aOCR.pdf,2010,data\EPA follow up data OCR
CA.2010.HW.tulip-tonolli bOCR.pdf,2010,data\EPA follow up data OCR
CA.2011.HW.amg-shell scottford aOCR.pdf,2011,data\EPA follow up data OCR
CA.2011.HW.amg-shell scottford bOCR.pdf,2011,data\EPA follow up data OCR
CA.2011.HW.amg-shell scottford cOCR.pdf,2011,data\EPA follow up data OCR
CA.2011.HW.amg-shell scottford dOCR.pdf,2011,data\EPA follow up data OCR
CA.2011.HW.amg-shell scottford eOCR.pdf,2011,data\EPA follow up data OCR
CA.2011.HW.amg-shell scottford fOCR.pdf,2011,data\EPA follow up data OCR
CA.2011.HW.amg-shell scottford gOCR.pdf,2011,data\EPA follow up data OCR
CA.2011.HW.amg-shell scottford hOCR.pdf,2011,data\EPA follow up data OCR
CA.2011.HW.amg-shell scottford jOCR.pdf,2011,data\EPA follow up data OCR
CA.2011.HW.amg-shell scottford kOCR.pdf,2011,data\EPA follow up data OCR
CA.2011.HW.amg-shell scottford lOCR.pdf,2011,data\EPA follow up data OCR
CA.2011.HW.amg-syndrude abOCR.pdf,2011,data\EPA follow up data OCR
CA.2011.HW.ch 2027 la porte tx-ch mississaugaOCR.pdf,2011,data\EPA follow up data OCR
CA.2011.HW.ch 500 la porte tx-ch deltaOCR.pdf,2011,data\EPA follow up data OCR
CA.2011.HW.ch 500 la porte tx-ch mississaugaOCR.pdf,2011,data\EPA follow up data OCR
CA.2011.HW.ch 500 la porte tx-ch thurso qcOCR.pdf,2011,data\EPA follow up data OCR
CA.2011.HW.ch el dorado-ch delta jan-novOCR.pdf,2011,data\EPA follow up data OCR
CA.2011.HW.ch el dorado-ch mississaugaOCR.pdf,2011,data\EPA follow up data OCR
CA.2011.HW.ch el dorado-ch quebec aug-decOCR.pdf,2011,data\EPA follow up data OCR
CA.2011.HW.ch el dorado-ch quebec jan-junOCR.pdf,2011,data\EPA follow up data OCR
CA.2011.HW.ch kimball ne-ch delta feb-sepOCR.pdf,2011,data\EPA follow up data OCR
CA.2011.HW.ch kimball ne-ch delta oct-decOCR.pdf,2011,data\EPA follow up data OCR
CA.2011.HW.cwmnw-alcan aOCR.pdf,2011,data\EPA follow up data OCR
CA.2011.HW.cwmnw-alcan bOCR.pdf,2011,data\EPA follow up data OCR
CA.2011.HW.cwmnw-alcan c1OCR.pdf,2011,data\EPA follow up data OCR
CA.2011.HW.cwmnw-alcan c2OCR.pdf,2011,data\EPA follow up data OCR
CA.2011.HW.cwmnw-alcan d1OCR.pdf,2011,data\EPA follow up data OCR
CA.2011.HW.cwmnw-alcan d2OCR.pdf,2011,data\EPA follow up data OCR
CA.2011.HW.cwmnw-alcan e1OCR.pdf,2011,data\EPA follow up data OCR
CA.2011.HW.cwmnw-alcan e2OCR.pdf,2011,data\EPA follow up data OCR
CA.2011.HW.cwmnw-alcan f1OCR.pdf,2011,data\EPA follow up data OCR
CA.2011.HW.cwmnw-alcan f2OCR.pdf,2011,data\EPA follow up data OCR
CA.2011.HW.cwmnw-alcan gOCR.pdf,2011,data\EPA follow up data OCR
CA.2011.HW.cwmnw-alcan h1OCR.pdf,2011,data\EPA follow up data OCR
CA.2011.HW.cwmnw-alcan h3OCR.pdf,2011,data\EPA follow up data OCR
CA.2011.HW.cwmnw-alcan i1OCR.pdf,2011,data\EPA follow up data OCR
CA.2011.HW.cwmnw-alcan i2OCR.pdf,2011,data\EPA follow up data OCR
CA.2011.HW.cwmnw-alcan j1OCR.pdf,2011,data\EPA follow up data OCR
CA.2011.HW.cwmnw-alcan j2OCR.pdf,2011,data\EPA follow up data OCR
CA.2011.HW.cwmnw-alcan k1OCR.pdf,2011,data\EPA follow up data OCR
CA.2011.HW.cwmnw-alcan k2OCR.pdf,2011,data\EPA follow up data OCR
CA.2011.HW.cwmnw-alcan- h2OCR.pdf,2011,data\EPA follow up data OCR
CA.2011.HW.cwmnw-ch deltaOCR.pdf,2011,data\EPA follow up data OCR
CA.2011.HW.cwmnw-toxcoOCR.pdf,2011,data\EPA follow up data OCR
CA.2011.HW.cycle chem nj-bermudaOCR.pdf,2011,data\EPA follow up data OCR
CA.2011.HW.dynecol-chemturaOCR.pdf,2011,data\EPA follow up data OCR
CA.2011.HW.dynecol-court galvOCR.pdf,2011,data\EPA follow up data OCR
CA.2011.HW.dynecol-galvcastOCR.pdf,2011,data\EPA follow up data OCR
CA.2011.HW.dynecol-pure metal galvOCR.pdf,2011,data\EPA follow up data OCR
CA.2011.HW.dynecol-tonolli cOCR.pdf,2011,data\EPA follow up data OCR
CA.2011.HW.dynecol-tonolli dOCR.pdf,2011,data\EPA follow up data OCR
CA.2011.HW.dynecol-tonolli eOCR.pdf,2011,data\EPA follow up data OCR
CA.2011.HW.dynecol-tonolli fOCR.pdf,2011,data\EPA follow up data OCR
CA.2011.HW.envirite oh-kuntz elec aOCR.pdf,2011,data\EPA follow up data OCR
CA.2011.HW.envirite oh-kuntz elec bOCR.pdf,2011,data\EPA follow up data OCR
CA.2011.HW.envirite oh-kuntz elec cOCR.pdf,2011,data\EPA follow up data OCR
CA.2011.HW.envirite oh-kuntz elec dOCR.pdf,2011,data\EPA follow up data OCR
CA.2011.HW.envirite oh-kuntz elec eOCR.pdf,2011,data\EPA follow up data OCR
CA.2011.HW.envirite oh-kuntz elec fOCR.pdf,2011,data\EPA follow up data OCR
CA.2011.HW.envirite oh-kuntz elec gOCR.pdf,2011,data\EPA follow up data OCR
CA.2011.HW.envirite oh-kuntz elec hOCR.pdf,2011,data\EPA follow up data OCR
CA.2011.HW.envirite oh-kuntz elec iOCR.pdf,2011,data\EPA follow up data OCR
CA.2011.HW.envirite oh-kuntz elec jOCR.pdf,2011,data\EPA follow up data OCR
CA.2011.HW.envirite oh-kuntz elec kOCR.pdf,2011,data\EPA follow up data OCR
CA.2011.HW.envirite oh-nmr inc aOCR.pdf,2011,data\EPA follow up data OCR
CA.2011.HW.envirite oh-nmr inc bOCR.pdf,2011,data\EPA follow up data OCR
CA.2011.HW.envirite oh-nmr inc cOCR.pdf,2011,data\EPA follow up data OCR
CA.2011.HW.envirite oh-nmr inc dOCR.pdf,2011,data\EPA follow up data OCR
CA.2011.HW.envirite oh-nmr inc eOCR.pdf,2011,data\EPA follow up data OCR
CA.2011.HW.envirite oh-nmr inc fOCR.pdf,2011,data\EPA follow up data OCR
CA.2011.HW.eq detroit-nmr incOCR.pdf,2011,data\EPA follow up data OCR
CA.2011.HW.gage-fordOCR.pdf,2011,data\EPA follow up data OCR
CA.2011.HW.heraeus-heraeus germanyOCR.pdf,2011,data\EPA follow up data OCR
CA.2011.HW.heritage oh-newaltaOCR.pdf,2011,data\EPA follow up data OCR
CA.2011.HW.inmetco-arc mittlOCR.pdf,2011,data\EPA follow up data OCR
CA.2011.HW.inmetco-atotechOCR.pdf,2011,data\EPA follow up data OCR
CA.2011.HW.inmetco-kuntzOCR.pdf,2011,data\EPA follow up data OCR
CA.2011.HW.inmetco-newalta aprOCR.pdf,2011,data\EPA follow up data OCR
CA.2011.HW.inmetco-newalta augOCR.pdf,2011,data\EPA follow up data OCR
CA.2011.HW.inmetco-newalta decOCR.pdf,2011,data\EPA follow up data OCR
CA.2011.HW.inmetco-newalta febOCR.pdf,2011,data\EPA follow up data OCR
CA.2011.HW.inmetco-newalta janOCR.pdf,2011,data\EPA follow up data OCR
CA.2011.HW.inmetco-newalta julOCR.pdf,2011,data\EPA follow up data OCR
CA.2011.HW.inmetco-newalta junOCR.pdf,2011,data\EPA follow up data OCR
CA.2011.HW.inmetco-newalta marOCR.pdf,2011,data\EPA follow up data OCR
CA.2011.HW.inmetco-newalta mayOCR.pdf,2011,data\EPA follow up data OCR
CA.2011.HW.inmetco-newalta octOCR.pdf,2011,data\EPA follow up data OCR
CA.2011.HW.inmetco-newalta sepOCR.pdf,2011,data\EPA follow up data OCR
CA.2011.HW.inmetco-nmr incOCR.pdf,2011,data\EPA follow up data OCR
CA.2011.HW.inmetco-toxcoOCR.pdf,2011,data\EPA follow up data OCR
CA.2011.HW.keystone cement-ch mississ.OCR.pdf,2011,data\EPA follow up data OCR
CA.2011.HW.keystone cement-fieldingOCR.pdf,2011,data\EPA follow up data OCR
CA.2011.HW.kw plastics-tonolliOCR.pdf,2011,data\EPA follow up data OCR
CA.2011.HW.kw plastics-xstrata nbOCR.pdf,2011,data\EPA follow up data OCR
CA.2011.HW.reynolds metals co-alcoa qcOCR.pdf,2011,data\EPA follow up data OCR
CA.2011.HW.ross incin-stericycle onOCR.pdf,2011,data\EPA follow up data OCR
CA.2011.HW.sabin metal corp-royal ca mintOCR.pdf,2011,data\EPA follow up data OCR
CA.2011.HW.set environmental-air liquid pqOCR.pdf,2011,data\EPA follow up data OCR
CA.2011.HW.systech env corp-ch mississOCR.pdf,2011,data\EPA follow up data OCR
CA.2011.HW.systech env corp-chemrecOCR.pdf,2011,data\EPA follow up data OCR
CA.2011.HW.systech env corp-fielding chemOCR.pdf,2011,data\EPA follow up data OCR
CA.2011.HW.systech env corp-hotz envOCR.pdf,2011,data\EPA follow up data OCR
CA.2011.HW.systech env corp-miller envOCR.pdf,2011,data\EPA follow up data OCR
CA.2011.HW.tulip corp-tonolli aprOCR.pdf,2011,data\EPA follow up data OCR
CA.2011.HW.tulip corp-tonolli augOCR.pdf,2011,data\EPA follow up data OCR
CA.2011.HW.tulip corp-tonolli febOCR.pdf,2011,data\EPA follow up data OCR
CA.2011.HW.tulip corp-tonolli janOCR.pdf,2011,data\EPA follow up data OCR
CA.2011.HW.tulip corp-tonolli marOCR.pdf,2011,data\EPA follow up data OCR
CA.2011.HW.tulip corp-tonolli mayOCR.pdf,2011,data\EPA follow up data OCR
CA.2011.HW.wm mercury waste-ch thursoOCR.pdf,2011,data\EPA follow up data OCR
CA.2011.HW.wm mercury waste-chemtech envOCR.pdf,2011,data\EPA follow up data OCR
CA.2011.HW.wm mercury waste-ge oakville onOCR.pdf,2011,data\EPA follow up data OCR
CA.2012.HW.amg-shell scotford aOCR.pdf,2012,data\EPA follow up data OCR
CA.2012.HW.amg-shell scotford cOCR.pdf,2012,data\EPA follow up data OCR
CA.2012.HW.amg-shell scotford dOCR.pdf,2012,data\EPA follow up data OCR
CA.2012.HW.amg-shell scotford eOCR.pdf,2012,data\EPA follow up data OCR
CA.2012.HW.amg-shell scotford fOCR.pdf,2012,data\EPA follow up data OCR
CA.2012.HW.amg-shell scotford gOCR.pdf,2012,data\EPA follow up data OCR
CA.2012.HW.amg-shell scotford hOCR.pdf,2012,data\EPA follow up data OCR
CA.2012.HW.amg-shell scotford iOCR.pdf,2012,data\EPA follow up data OCR
CA.2012.HW.amg-shell scotford jOCR.pdf,2012,data\EPA follow up data OCR
CA.2012.HW.amg-shell scotford kOCR.pdf,2012,data\EPA follow up data OCR
CA.2012.HW.amg-shell scotford lOCR.pdf,2012,data\EPA follow up data OCR
CA.2012.HW.amg-shell-scotford bOCR.pdf,2012,data\EPA follow up data OCR
CA.2012.HW.amg-syncrude ab aOCR.pdf,2012,data\EPA follow up data OCR
CA.2012.HW.amg-syncrude ab bOCR.pdf,2012,data\EPA follow up data OCR
CA.2012.HW.ch 500 la porte-ch thursoOCR.pdf,2012,data\EPA follow up data OCR
CA.2012.HW.ch cleveland oh-ch thursoOCR.pdf,2012,data\EPA follow up data OCR
CA.2012.HW.ch el dorado-ch deltaOCR.pdf,2012,data\EPA follow up data OCR
CA.2012.HW.ch el dorado-ch mississauga aOCR.pdf,2012,data\EPA follow up data OCR
CA.2012.HW.ch el dorado-ch mississauga bOCR.pdf,2012,data\EPA follow up data OCR
CA.2012.HW.ch el dorado-ch thursoOCR.pdf,2012,data\EPA follow up data OCR
CA.2012.HW.ch kimball ne-ch delta bcOCR.pdf,2012,data\EPA follow up data OCR
CA.2012.HW.ch kimball ne-ch ryley abOCR.pdf,2012,data\EPA follow up data OCR
CA.2012.HW.ch kimball ne-ch st catherineOCR.pdf,2012,data\EPA follow up data OCR
CA.2012.HW.ch kimball ne-envirosortOCR.pdf,2012,data\EPA follow up data OCR
CA.2012.HW.ch recycling ohio-ch ryleyOCR.pdf,2012,data\EPA follow up data OCR
CA.2012.HW.cwmnw inc-alcan a1OCR.pdf,2012,data\EPA follow up data OCR
CA.2012.HW.cwmnw inc-alcan a2OCR.pdf,2012,data\EPA follow up data OCR
CA.2012.HW.cwmnw inc-alcan bOCR.pdf,2012,data\EPA follow up data OCR
CA.2012.HW.cwmnw inc-alcan cOCR.pdf,2012,data\EPA follow up data OCR
CA.2012.HW.cwmnw inc-alcan dOCR.pdf,2012,data\EPA follow up data OCR
CA.2012.HW.cwmnw inc-alcan eOCR.pdf,2012,data\EPA follow up data OCR
CA.2012.HW.cwmnw inc-alcan fOCR.pdf,2012,data\EPA follow up data OCR
CA.2012.HW.cwmnw inc-alcan gOCR.pdf,2012,data\EPA follow up data OCR
CA.2012.HW.cwmnw inc-alcan hOCR.pdf,2012,data\EPA follow up data OCR
CA.2012.HW.cwmnw inc-alcan iOCR.pdf,2012,data\EPA follow up data OCR
CA.2012.HW.cwmnw inc-alcan jOCR.pdf,2012,data\EPA follow up data OCR
CA.2012.HW.cwmnw inc-alcan kOCR.pdf,2012,data\EPA follow up data OCR
CA.2012.HW.cwmnw inc-alcan lOCR.pdf,2012,data\EPA follow up data OCR
CA.2012.HW.cwmnw inc-ch deltaOCR.pdf,2012,data\EPA follow up data OCR
CA.2012.HW.cwmnw inc-toxcoOCR.pdf,2012,data\EPA follow up data OCR
CA.2012.HW.dssi-AECLOCR.pdf,2012,data\EPA follow up data OCR
CA.2012.HW.dynecol-galvcastOCR.pdf,2012,data\EPA follow up data OCR
CA.2012.HW.dynecol-pure metalOCR.pdf,2012,data\EPA follow up data OCR
CA.2012.HW.dynecol-quantexOCR.pdf,2012,data\EPA follow up data OCR
CA.2012.HW.dynecol-rpr environmentalOCR.pdf,2012,data\EPA follow up data OCR
CA.2012.HW.dynecol-sivaco ontarioOCR.pdf,2012,data\EPA follow up data OCR
CA.2012.HW.dynecol-tonolliOCR.pdf,2012,data\EPA follow up data OCR
CA.2012.HW.emerald services wa-tri arrow bcOCR.pdf,2012,data\EPA follow up data OCR
CA.2012.HW.envirite of oh-kuntz on aOCR.pdf,2012,data\EPA follow up data OCR
CA.2012.HW.envirite of oh-kuntz on bOCR.pdf,2012,data\EPA follow up data OCR
CA.2012.HW.eq detroit-nmri onOCR.pdf,2012,data\EPA follow up data OCR
CA.2012.HW.giant resource sc-newalta barrieOCR.pdf,2012,data\EPA follow up data OCR
CA.2012.HW.heraeus ca-petro canada onOCR.pdf,2012,data\EPA follow up data OCR
CA.2012.HW.heritage oh-newalta barrieOCR.pdf,2012,data\EPA follow up data OCR
CA.2012.HW.heritage oh-newalta torontoOCR.pdf,2012,data\EPA follow up data OCR
CA.2012.HW.horsehead corp-arcelor mittalOCR.pdf,2012,data\EPA follow up data OCR
CA.2012.HW.inmetco-arcelor mittal onOCR.pdf,2012,data\EPA follow up data OCR
CA.2012.HW.inmetco-kuntz onOCR.pdf,2012,data\EPA follow up data OCR
CA.2012.HW.inmetco-newalta ft erie aOCR.pdf,2012,data\EPA follow up data OCR
CA.2012.HW.inmetco-newalta ft erie bOCR.pdf,2012,data\EPA follow up data OCR
CA.2012.HW.inmetco-nmri on aOCR.pdf,2012,data\EPA follow up data OCR
CA.2012.HW.inmetco-nmri on bOCR.pdf,2012,data\EPA follow up data OCR
CA.2012.HW.inmetco-quantex onOCR.pdf,2012,data\EPA follow up data OCR
CA.2012.HW.keystone cement co-fielding onOCR.pdf,2012,data\EPA follow up data OCR
CA.2012.HW.kinsbursky bros-toxco bcOCR.pdf,2012,data\EPA follow up data OCR
CA.2012.HW.kw plastics-tonolli on aOCR.pdf,2012,data\EPA follow up data OCR
CA.2012.HW.kw plastics-tonolli on bOCR.pdf,2012,data\EPA follow up data OCR
CA.2012.HW.kw plastics-xstrata nbOCR.pdf,2012,data\EPA follow up data OCR
CA.2012.HW.reynolds metals-alcoa baie comeauOCR.pdf,2012,data\EPA follow up data OCR
CA.2012.HW.reynolds metals-alcoa deschambaultOCR.pdf,2012,data\EPA follow up data OCR
CA.2012.HW.reynolds metals-alumineire becancourOCR.pdf,2012,data\EPA follow up data OCR
CA.2012.HW.ross incineration-newalta barrie onOCR.pdf,2012,data\EPA follow up data OCR
CA.2012.HW.ross incineration-stericycle onOCR.pdf,2012,data\EPA follow up data OCR
CA.2012.HW.safety kleen systems-sk 1040 brampton onOCR.pdf,2012,data\EPA follow up data OCR
CA.2012.HW.safety kleen systems-sk 23 regan rd bramptonOCR.pdf,2012,data\EPA follow up data OCR
CA.2012.HW.safety kleen systems-sk 25 regan roadOCR.pdf,2012,data\EPA follow up data OCR
CA.2012.HW.safety kleen systems-sk ancaster onOCR.pdf,2012,data\EPA follow up data OCR
Ca.2012.HW.safety kleen systems-sk chambly qcOCR.pdf,2012,data\EPA follow up data OCR
CA.2012.HW.safety kleen systems-sk chelmsford onOCR.pdf,2012,data\EPA follow up data OCR
CA.2012.HW.safety kleen systems-sk london onOCR.pdf,2012,data\EPA follow up data OCR
CA.2012.HW.safety kleen systems-sk nepean onOCR.pdf,2012,data\EPA follow up data OCR
CA.2012.HW.safety kleen systems-sk oshawa onOCR.pdf,2012,data\EPA follow up data OCR
CA.2012.HW.safety kleen systems-sk st augustin qcOCR.pdf,2012,data\EPA follow up data OCR
CA.2012.HW.spring grove inc-ch mississauga onOCR.pdf,2012,data\EPA follow up data OCR
CA.2012.HW.spring grove inc-ch thurso qcOCR.pdf,2012,data\EPA follow up data OCR
CA.2012.HW.systech-aimco onOCR.pdf,2012,data\EPA follow up data OCR
CA.2012.HW.systech-chemrec qcOCR.pdf,2012,data\EPA follow up data OCR
CA.2012.HW.systech-miller environmental mbOCR.pdf,2012,data\EPA follow up data OCR
CA.2012.HW.tricat inc-chevron burnaby bcOCR.pdf,2012,data\EPA follow up data OCR
CA.2012.HW.wm mercury waste-ch thurso qcOCR.pdf,2012,data\EPA follow up data OCR
MX 2012 HW 3M cottage grove-edumex juarez (2)OCR.pdf,2012,data\EPA follow up data OCR
MX.2012.HW.3M cottage grove-edumex juarezOCR.pdf,2012,data\EPA follow up data OCR
MX.2012.HW.rsr quemetco-power sonic cpOCR.pdf,2012,data\EPA follow up data OCR
MX.2012.HW.us ecology tx-kimball electronicsOCR.pdf,2012,data\EPA follow up data OCR
MX.2012.HW.world resources co-flex n gate opcion gtOCR.pdf,2012,data\EPA follow up data OCR
MX.2012.HW.world resources co-platinadora tijuana bcOCR.pdf,2012,data\EPA follow up data OCR
MX.2012.HW.world resources co-ptes tijuana bcOCR.pdf,2012,data\EPA follow up data OCR
MX.2012.HW.world resources co-pulidos industr tijuana bcOCR.pdf,2012,data\EPA follow up data OCR
