manifest #1,filename1,manifest #2,filename2
002663820 JJK,,002663820 JJK,CA.2010.HW.amlon resources llc.9797-09OCR
002663821 JJK,,002663821 JJK,CA.2010.HW.amlon resources llc.9797-09OCR
002663827 JJK,,002663827 JJK,CA.2010.HW.amlon resources llc.9797-09OCR
002663828 JJK,,002663828 JJK,CA.2010.HW.amlon resources llc.9797-09OCR
004332726 JJK,,004332726 JJK,CA.2010.HW.amlon resources llc.9797-09OCR
004332727 JJK,,004332727 JJK,CA.2010.HW.amlon resources llc.9797-09OCR
004332728 JJK,,004332728 JJK,CA.2010.HW.amlon resources llc.9797-09OCR
004332729 JJK,,004332729 JJK,CA.2010.HW.amlon resources llc.9797-09OCR
004332730 JJK,,004332730 JJK,CA.2010.HW.amlon resources llc.9797-09OCR
004332731 JJK,,004332731 JJK,CA.2010.HW.amlon resources llc.9797-09OCR
004332732 JJK,,004332732 JJK,CA.2010.HW.amlon resources llc.9797-09OCR
004332733 JJK,,004332733 JJK,CA.2010.HW.amlon resources llc.9797-09OCR
004332735 JJK,,004332735 JJK,CA.2010.HW.amlon resources llc.9797-09OCR
004332736 JJK,,004332736 JJK,CA.2010.HW.amlon resources llc.9797-09OCR
004332737 JJK,,004332737 JJK,CA.2010.HW.amlon resources llc.9797-09OCR
004332738 JJK,,004332738 JJK,CA.2010.HW.amlon resources llc.9797-09OCR
004332738 JJK,,004332738 JJK,CA.2010.HW.amlon resources llc.9797-09OCR
004332738 JJK,,004332738 JJK,CA.2010.HW.amlon resources llc.9797-09OCR
004332738 JJK,,004332738 JJK,CA.2010.HW.amlon resources llc.9797-09OCR
004332744 JJK,,004332744 JJK,CA.2010.HW.amlon resources llc.9797-09OCR
004332745 JJK,,004332745 JJK,CA.2010.HW.amlon resources llc.9797-09OCR
004332746 JJK,,004332746 JJK,CA.2010.HW.amlon resources llc.9797-09OCR
004332747 JJK,,004332747 JJK,CA.2010.HW.amlon resources llc.9797-09OCR
004332753 JJK,,004332753 JJK,CA.2010.HW.amlon resources llc.9797-09OCR
004332754 JJK,,004332754 JJK,CA.2010.HW.amlon resources llc.9797-09OCR
004332755 JJK,,004332755 JJK,CA.2010.HW.amlon resources llc.9797-09OCR
004332756 JJK,,004332756 JJK,CA.2010.HW.amlon resources llc.9797-09OCR
004332757 JJK,,004332757 JJK,CA.2010.HW.amlon resources llc.9797-09OCR
001587566 JJK,,001587566 JJK,MX.2010.HW.amlon resources llc.9842-09OCR
002663823 JJK,,002663823 JJK,MX.2010.HW.amlon resources llc.9842-09OCR
004332935 JJK,,004332935 JJK,CA.2010.HW.amlon resources llc.9797-09OCR
002664971 FLE,CA.2010.HW.clean harbors kimball-ch deltaOCR,002664971 FLE,CA.2010.HW.clean harbors kimball ne.10273-10gOCR
002664974 FLE,CA.2010.HW.clean harbors kimball-ch deltaOCR,002664974 FLE,CA.2010.HW.clean harbors kimball ne.1338-9I-10OCR
002735770 JJK,CA.2010.HW.ross incin-newaltaOCR,002735770 JJK,CA.2010.HW.ross incin-stercycleOCR
002277083 JJK,CA.2010.HW.ross incin-photechOCR,002277083 JJK,CA.2010.HW.ross incineration svcs.10153-10OCR
002277083 JJK,CA.2010.HW.ross incin-photechOCR,002277083 JJK,CA.2010.HW.ross incineration svcs.10153-10OCR
002277083 JJK,CA.2010.HW.ross incin-photechOCR,002277083 JJK,CA.2010.HW.ross incineration svcs.10153-10OCR
002277083 JJK,CA.2010.HW.ross incin-photechOCR,002277083 JJK,CA.2010.HW.ross incineration svcs.10153-10OCR
002735770 JJK,CA.2010.HW.ross incin-stercycleOCR,002735770 JJK,CA.2010.HW.ross incin-newaltaOCR
004830499 JJK,CA.2010.HW.systech-hotzOCR,004830499 JJK,CA.2010.HW.systech corporation.9828-09aOCR
003982150 FLE,CA 2011 HW amg-shell scottford cOCR,003982150 FLE,CA.2011.HW.amg-shell scottford cOCR
003982149 FLE,CA 2011 HW amg-shell scottford cOCR,003982149 FLE,CA.2011.HW.amg-shell scottford cOCR
003982146 FLE,CA 2011 HW amg-shell scottford cOCR,003982146 FLE,CA.2011.HW.amg-shell scottford cOCR
003982145 FLE,CA 2011 HW amg-shell scottford cOCR,003982145 FLE,CA.2011.HW.amg-shell scottford cOCR
003982165 FLE,CA 2011 HW amg-shell scottford cOCR,003982165 FLE,CA.2011.HW.amg-shell scottford cOCR
003982147 FLE,CA 2011 HW amg-shell scottford cOCR,003982147 FLE,CA.2011.HW.amg-shell scottford cOCR
003982156 FLE,CA 2011 HW amg-shell scottford cOCR,003982156 FLE,CA.2011.HW.amg-shell scottford cOCR
003982144 FLE,CA 2011 HW amg-shell scottford cOCR,003982144 FLE,CA.2011.HW.amg-shell scottford cOCR
003982148 FLE,CA 2011 HW amg-shell scottford cOCR,003982148 FLE,CA.2011.HW.amg-shell scottford cOCR
003982151 FLE,CA 2011 HW amg-shell scottford cOCR,003982151 FLE,CA.2011.HW.amg-shell scottford cOCR
003982152 FLE,CA 2011 HW amg-shell scottford cOCR,003982152 FLE,CA.2011.HW.amg-shell scottford cOCR
003982155 FLE,CA 2011 HW amg-shell scottford cOCR,003982155 FLE,CA.2011.HW.amg-shell scottford cOCR
003982153 FLE,CA 2011 HW amg-shell scottford cOCR,003982153 FLE,CA.2011.HW.amg-shell scottford cOCR
003982154 FLE,CA 2011 HW amg-shell scottford cOCR,003982154 FLE,CA.2011.HW.amg-shell scottford cOCR
003982171 FLE,CA 2011 HW amg-shell scottford cOCR,003982171 FLE,CA.2011.HW.amg-shell scottford cOCR
003982172 FLE,CA 2011 HW amg-shell scottford cOCR,003982172 FLE,CA.2011.HW.amg-shell scottford cOCR
003982175 FLE,CA 2011 HW amg-shell scottford cOCR,003982175 FLE,CA.2011.HW.amg-shell scottford cOCR
003982174 FLE,CA 2011 HW amg-shell scottford cOCR,003982174 FLE,CA.2011.HW.amg-shell scottford cOCR
003982176 FLE,CA 2011 HW amg-shell scottford cOCR,003982176 FLE,CA.2011.HW.amg-shell scottford cOCR
003982150 FLE,CA.2011.HW.amg-shell scottford cOCR,003982150 FLE,CA 2011 HW amg-shell scottford cOCR
003982149 FLE,CA.2011.HW.amg-shell scottford cOCR,003982149 FLE,CA 2011 HW amg-shell scottford cOCR
003982146 FLE,CA.2011.HW.amg-shell scottford cOCR,003982146 FLE,CA 2011 HW amg-shell scottford cOCR
003982145 FLE,CA.2011.HW.amg-shell scottford cOCR,003982145 FLE,CA 2011 HW amg-shell scottford cOCR
003982165 FLE,CA.2011.HW.amg-shell scottford cOCR,003982165 FLE,CA 2011 HW amg-shell scottford cOCR
003982147 FLE,CA.2011.HW.amg-shell scottford cOCR,003982147 FLE,CA 2011 HW amg-shell scottford cOCR
003982156 FLE,CA.2011.HW.amg-shell scottford cOCR,003982156 FLE,CA 2011 HW amg-shell scottford cOCR
003982144 FLE,CA.2011.HW.amg-shell scottford cOCR,003982144 FLE,CA 2011 HW amg-shell scottford cOCR
003982148 FLE,CA.2011.HW.amg-shell scottford cOCR,003982148 FLE,CA 2011 HW amg-shell scottford cOCR
003982151 FLE,CA.2011.HW.amg-shell scottford cOCR,003982151 FLE,CA 2011 HW amg-shell scottford cOCR
003982152 FLE,CA.2011.HW.amg-shell scottford cOCR,003982152 FLE,CA 2011 HW amg-shell scottford cOCR
003982155 FLE,CA.2011.HW.amg-shell scottford cOCR,003982155 FLE,CA 2011 HW amg-shell scottford cOCR
003982153 FLE,CA.2011.HW.amg-shell scottford cOCR,003982153 FLE,CA 2011 HW amg-shell scottford cOCR
003982154 FLE,CA.2011.HW.amg-shell scottford cOCR,003982154 FLE,CA 2011 HW amg-shell scottford cOCR
003982171 FLE,CA.2011.HW.amg-shell scottford cOCR,003982171 FLE,CA 2011 HW amg-shell scottford cOCR
003982172 FLE,CA.2011.HW.amg-shell scottford cOCR,003982172 FLE,CA 2011 HW amg-shell scottford cOCR
003982175 FLE,CA.2011.HW.amg-shell scottford cOCR,003982175 FLE,CA 2011 HW amg-shell scottford cOCR
003982174 FLE,CA.2011.HW.amg-shell scottford cOCR,003982174 FLE,CA 2011 HW amg-shell scottford cOCR
003982176 FLE,CA.2011.HW.amg-shell scottford cOCR,003982176 FLE,CA 2011 HW amg-shell scottford cOCR
002913235 FLE,CA.2011.HW.ch 2027 la porte tx-ch mississaugaOCR,002913235 FLE,CA.2011.HW.clean harbors 2027 la porte tx.3028-7I-11OCR
002913235 FLE,CA.2011.HW.ch 2027 la porte tx-ch mississaugaOCR,002913235 FLE,CA.2011.HW.clean harbors 2027 la porte tx.3028-7I-11OCR
002913235 FLE,CA.2011.HW.ch 2027 la porte tx-ch mississaugaOCR,002913235 FLE,CA.2011.HW.clean harbors 2027 la porte tx.3028-7I-11OCR
002913235 FLE,CA.2011.HW.ch 2027 la porte tx-ch mississaugaOCR,002913235 FLE,CA.2011.HW.clean harbors 2027 la porte tx.3028-7I-11OCR
002913235 FLE,CA.2011.HW.ch 2027 la porte tx-ch mississaugaOCR,002913235 FLE,CA.2011.HW.clean harbors 2027 la porte tx.3028-7I-11OCR
002913235 FLE,CA.2011.HW.ch 2027 la porte tx-ch mississaugaOCR,002913235 FLE,CA.2011.HW.clean harbors 2027 la porte tx.3028-7I-11OCR
002913235 FLE,CA.2011.HW.ch 2027 la porte tx-ch mississaugaOCR,002913235 FLE,CA.2011.HW.clean harbors 2027 la porte tx.3028-7I-11OCR
002913235 FLE,CA.2011.HW.ch 2027 la porte tx-ch mississaugaOCR,002913235 FLE,CA.2011.HW.clean harbors 2027 la porte tx.3028-7I-11OCR
002913235 FLE,CA.2011.HW.ch 2027 la porte tx-ch mississaugaOCR,002913235 FLE,CA.2011.HW.clean harbors 2027 la porte tx.3028-7I-11OCR
002913235 FLE,CA.2011.HW.ch 2027 la porte tx-ch mississaugaOCR,002913235 FLE,CA.2011.HW.clean harbors 2027 la porte tx.3028-7I-11OCR
002913235 FLE,CA.2011.HW.ch 2027 la porte tx-ch mississaugaOCR,002913235 FLE,CA.2011.HW.clean harbors 2027 la porte tx.3028-7I-11OCR
002913235 FLE,CA.2011.HW.ch 2027 la porte tx-ch mississaugaOCR,002913235 FLE,CA.2011.HW.clean harbors 2027 la porte tx.3028-7I-11OCR
002913235 FLE,CA.2011.HW.ch 2027 la porte tx-ch mississaugaOCR,002913235 FLE,CA.2011.HW.clean harbors 2027 la porte tx.3028-7I-11OCR
002913235 FLE,CA.2011.HW.ch 2027 la porte tx-ch mississaugaOCR,002913235 FLE,CA.2011.HW.clean harbors 2027 la porte tx.3028-7I-11OCR
002913235 FLE,CA.2011.HW.ch 2027 la porte tx-ch mississaugaOCR,002913235 FLE,CA.2011.HW.clean harbors 2027 la porte tx.3028-7I-11OCR
002913235 FLE,CA.2011.HW.ch 2027 la porte tx-ch mississaugaOCR,002913235 FLE,CA.2011.HW.clean harbors 2027 la porte tx.3028-7I-11OCR
002913235 FLE,CA.2011.HW.ch 2027 la porte tx-ch mississaugaOCR,002913235 FLE,CA.2011.HW.clean harbors 2027 la porte tx.3028-7I-11OCR
002913235 FLE,CA.2011.HW.ch 2027 la porte tx-ch mississaugaOCR,002913235 FLE,CA.2011.HW.clean harbors 2027 la porte tx.3028-7I-11OCR
002913235 FLE,CA.2011.HW.ch 2027 la porte tx-ch mississaugaOCR,002913235 FLE,CA.2011.HW.clean harbors 2027 la porte tx.3028-7I-11OCR
002913235 FLE,CA.2011.HW.ch 2027 la porte tx-ch mississaugaOCR,002913235 FLE,CA.2011.HW.clean harbors 2027 la porte tx.3028-7I-11OCR
002913235 FLE,CA.2011.HW.ch 2027 la porte tx-ch mississaugaOCR,002913235 FLE,CA.2011.HW.clean harbors 2027 la porte tx.3028-7I-11OCR
002913235 FLE,CA.2011.HW.ch 2027 la porte tx-ch mississaugaOCR,002913235 FLE,CA.2011.HW.clean harbors 2027 la porte tx.3028-7I-11OCR
002913235 FLE,CA.2011.HW.ch 2027 la porte tx-ch mississaugaOCR,002913235 FLE,CA.2011.HW.clean harbors 2027 la porte tx.3028-7I-11OCR
002913235 FLE,CA.2011.HW.ch 2027 la porte tx-ch mississaugaOCR,002913235 FLE,CA.2011.HW.clean harbors 2027 la porte tx.3028-7I-11OCR
002913235 FLE,CA.2011.HW.ch 2027 la porte tx-ch mississaugaOCR,002913235 FLE,CA.2011.HW.clean harbors 2027 la porte tx.3028-7I-11OCR
002913235 FLE,CA.2011.HW.ch 2027 la porte tx-ch mississaugaOCR,002913235 FLE,CA.2011.HW.clean harbors 2027 la porte tx.3028-7I-11OCR
002913235 FLE,CA.2011.HW.ch 2027 la porte tx-ch mississaugaOCR,002913235 FLE,CA.2011.HW.clean harbors 2027 la porte tx.3028-7I-11OCR
002913235 FLE,CA.2011.HW.ch 2027 la porte tx-ch mississaugaOCR,002913235 FLE,CA.2011.HW.clean harbors 2027 la porte tx.3028-7I-11OCR
002913235 FLE,CA.2011.HW.ch 2027 la porte tx-ch mississaugaOCR,002913235 FLE,CA.2011.HW.clean harbors 2027 la porte tx.3028-7I-11OCR
002913235 FLE,CA.2011.HW.ch 2027 la porte tx-ch mississaugaOCR,002913235 FLE,CA.2011.HW.clean harbors 2027 la porte tx.3028-7I-11OCR
002913235 FLE,CA.2011.HW.ch 2027 la porte tx-ch mississaugaOCR,002913235 FLE,CA.2011.HW.clean harbors 2027 la porte tx.3028-7I-11OCR
002913235 FLE,CA.2011.HW.ch 2027 la porte tx-ch mississaugaOCR,002913235 FLE,CA.2011.HW.clean harbors 2027 la porte tx.3028-7I-11OCR
002913235 FLE,CA.2011.HW.ch 2027 la porte tx-ch mississaugaOCR,002913235 FLE,CA.2011.HW.clean harbors 2027 la porte tx.3028-7I-11OCR
002913235 FLE,CA.2011.HW.ch 2027 la porte tx-ch mississaugaOCR,002913235 FLE,CA.2011.HW.clean harbors 2027 la porte tx.3028-7I-11OCR
002913235 FLE,CA.2011.HW.ch 2027 la porte tx-ch mississaugaOCR,002913235 FLE,CA.2011.HW.clean harbors 2027 la porte tx.3028-7I-11OCR
002913235 FLE,CA.2011.HW.ch 2027 la porte tx-ch mississaugaOCR,002913235 FLE,CA.2011.HW.clean harbors 2027 la porte tx.3028-7I-11OCR
002913235 FLE,CA.2011.HW.ch 2027 la porte tx-ch mississaugaOCR,002913235 FLE,CA.2011.HW.clean harbors 2027 la porte tx.3028-7I-11OCR
002913235 FLE,CA.2011.HW.ch 2027 la porte tx-ch mississaugaOCR,002913235 FLE,CA.2011.HW.clean harbors 2027 la porte tx.3028-7I-11OCR
002913235 FLE,CA.2011.HW.ch 2027 la porte tx-ch mississaugaOCR,002913235 FLE,CA.2011.HW.clean harbors 2027 la porte tx.3028-7I-11OCR
002913235 FLE,CA.2011.HW.ch 2027 la porte tx-ch mississaugaOCR,002913235 FLE,CA.2011.HW.clean harbors 2027 la porte tx.3028-7I-11OCR
002913235 FLE,CA.2011.HW.ch 2027 la porte tx-ch mississaugaOCR,002913235 FLE,CA.2011.HW.clean harbors 2027 la porte tx.3028-7I-11OCR
002913235 FLE,CA.2011.HW.ch 2027 la porte tx-ch mississaugaOCR,002913235 FLE,CA.2011.HW.clean harbors 2027 la porte tx.3028-7I-11OCR
002913235 FLE,CA.2011.HW.ch 2027 la porte tx-ch mississaugaOCR,002913235 FLE,CA.2011.HW.clean harbors 2027 la porte tx.3028-7I-11OCR
002913235 FLE,CA.2011.HW.ch 2027 la porte tx-ch mississaugaOCR,002913235 FLE,CA.2011.HW.clean harbors 2027 la porte tx.3028-7I-11OCR
002913235 FLE,CA.2011.HW.ch 2027 la porte tx-ch mississaugaOCR,002913235 FLE,CA.2011.HW.clean harbors 2027 la porte tx.3028-7I-11OCR
002913235 FLE,CA.2011.HW.ch 2027 la porte tx-ch mississaugaOCR,002913235 FLE,CA.2011.HW.clean harbors 2027 la porte tx.3028-7I-11OCR
002913235 FLE,CA.2011.HW.ch 2027 la porte tx-ch mississaugaOCR,002913235 FLE,CA.2011.HW.clean harbors 2027 la porte tx.3028-7I-11OCR
002913235 FLE,CA.2011.HW.ch 2027 la porte tx-ch mississaugaOCR,002913235 FLE,CA.2011.HW.clean harbors 2027 la porte tx.3028-7I-11OCR
002913235 FLE,CA.2011.HW.ch 2027 la porte tx-ch mississaugaOCR,002913235 FLE,CA.2011.HW.clean harbors 2027 la porte tx.3028-7I-11OCR
002913235 FLE,CA.2011.HW.ch 2027 la porte tx-ch mississaugaOCR,002913235 FLE,CA.2011.HW.clean harbors 2027 la porte tx.3028-7I-11OCR
002913235 FLE,CA.2011.HW.ch 2027 la porte tx-ch mississaugaOCR,002913235 FLE,CA.2011.HW.clean harbors 2027 la porte tx.3028-7I-11OCR
002913235 FLE,CA.2011.HW.ch 2027 la porte tx-ch mississaugaOCR,002913235 FLE,CA.2011.HW.clean harbors 2027 la porte tx.3028-7I-11OCR
002913235 FLE,CA.2011.HW.ch 2027 la porte tx-ch mississaugaOCR,002913235 FLE,CA.2011.HW.clean harbors 2027 la porte tx.3028-7I-11OCR
002913235 FLE,CA.2011.HW.ch 2027 la porte tx-ch mississaugaOCR,002913235 FLE,CA.2011.HW.clean harbors 2027 la porte tx.3028-7I-11OCR
002913235 FLE,CA.2011.HW.ch 2027 la porte tx-ch mississaugaOCR,002913235 FLE,CA.2011.HW.clean harbors 2027 la porte tx.3028-7I-11OCR
002913235 FLE,CA.2011.HW.ch 2027 la porte tx-ch mississaugaOCR,002913235 FLE,CA.2011.HW.clean harbors 2027 la porte tx.3028-7I-11OCR
002913235 FLE,CA.2011.HW.ch 2027 la porte tx-ch mississaugaOCR,002913235 FLE,CA.2011.HW.clean harbors 2027 la porte tx.3028-7I-11OCR
002913235 FLE,CA.2011.HW.ch 2027 la porte tx-ch mississaugaOCR,002913235 FLE,CA.2011.HW.clean harbors 2027 la porte tx.3028-7I-11OCR
002913235 FLE,CA.2011.HW.ch 2027 la porte tx-ch mississaugaOCR,002913235 FLE,CA.2011.HW.clean harbors 2027 la porte tx.3028-7I-11OCR
002913235 FLE,CA.2011.HW.ch 2027 la porte tx-ch mississaugaOCR,002913235 FLE,CA.2011.HW.clean harbors 2027 la porte tx.3028-7I-11OCR
002913235 FLE,CA.2011.HW.ch 2027 la porte tx-ch mississaugaOCR,002913235 FLE,CA.2011.HW.clean harbors 2027 la porte tx.3028-7I-11OCR
002913235 FLE,CA.2011.HW.ch 2027 la porte tx-ch mississaugaOCR,002913235 FLE,CA.2011.HW.clean harbors 2027 la porte tx.3028-7I-11OCR
002913235 FLE,CA.2011.HW.ch 2027 la porte tx-ch mississaugaOCR,002913235 FLE,CA.2011.HW.clean harbors 2027 la porte tx.3028-7I-11OCR
002913235 FLE,CA.2011.HW.ch 2027 la porte tx-ch mississaugaOCR,002913235 FLE,CA.2011.HW.clean harbors 2027 la porte tx.3028-7I-11OCR
002913235 FLE,CA.2011.HW.ch 2027 la porte tx-ch mississaugaOCR,002913235 FLE,CA.2011.HW.clean harbors 2027 la porte tx.3028-7I-11OCR
002913235 FLE,CA.2011.HW.ch 2027 la porte tx-ch mississaugaOCR,002913235 FLE,CA.2011.HW.clean harbors 2027 la porte tx.3028-7I-11OCR
002913235 FLE,CA.2011.HW.ch 2027 la porte tx-ch mississaugaOCR,002913235 FLE,CA.2011.HW.clean harbors 2027 la porte tx.3028-7I-11OCR
002913235 FLE,CA.2011.HW.ch 2027 la porte tx-ch mississaugaOCR,002913235 FLE,CA.2011.HW.clean harbors 2027 la porte tx.3028-7I-11OCR
002913235 FLE,CA.2011.HW.ch 2027 la porte tx-ch mississaugaOCR,002913235 FLE,CA.2011.HW.clean harbors 2027 la porte tx.3028-7I-11OCR
002913235 FLE,CA.2011.HW.ch 2027 la porte tx-ch mississaugaOCR,002913235 FLE,CA.2011.HW.clean harbors 2027 la porte tx.3028-7I-11OCR
002913235 FLE,CA.2011.HW.ch 2027 la porte tx-ch mississaugaOCR,002913235 FLE,CA.2011.HW.clean harbors 2027 la porte tx.3028-7I-11OCR
002913235 FLE,CA.2011.HW.ch 2027 la porte tx-ch mississaugaOCR,002913235 FLE,CA.2011.HW.clean harbors 2027 la porte tx.3028-7I-11OCR
002913235 FLE,CA.2011.HW.ch 2027 la porte tx-ch mississaugaOCR,002913235 FLE,CA.2011.HW.clean harbors 2027 la porte tx.3028-7I-11OCR
002913235 FLE,CA.2011.HW.ch 2027 la porte tx-ch mississaugaOCR,002913235 FLE,CA.2011.HW.clean harbors 2027 la porte tx.3028-7I-11OCR
002913235 FLE,CA.2011.HW.ch 2027 la porte tx-ch mississaugaOCR,002913235 FLE,CA.2011.HW.clean harbors 2027 la porte tx.3028-7I-11OCR
002913235 FLE,CA.2011.HW.ch 2027 la porte tx-ch mississaugaOCR,002913235 FLE,CA.2011.HW.clean harbors 2027 la porte tx.3028-7I-11OCR
002913235 FLE,CA.2011.HW.ch 2027 la porte tx-ch mississaugaOCR,002913235 FLE,CA.2011.HW.clean harbors 2027 la porte tx.3028-7I-11OCR
002913235 FLE,CA.2011.HW.ch 2027 la porte tx-ch mississaugaOCR,002913235 FLE,CA.2011.HW.clean harbors 2027 la porte tx.3028-7I-11OCR
002913235 FLE,CA.2011.HW.ch 2027 la porte tx-ch mississaugaOCR,002913235 FLE,CA.2011.HW.clean harbors 2027 la porte tx.3028-7I-11OCR
002913235 FLE,CA.2011.HW.ch 2027 la porte tx-ch mississaugaOCR,002913235 FLE,CA.2011.HW.clean harbors 2027 la porte tx.3028-7I-11OCR
002913155 FLE,CA.2011.HW.ch el dorado-ch mississaugaOCR,002913155 FLE,CA.2011.HW.clean harbors el dorado ar.1864-1I-11OCR
003896030 FLE,CA.2011.HW.ch kimball ne-ch delta feb-sepOCR,003896030 FLE,CA.2011.HW.clean harbors kimball ne.1338-9I-10bOCR
003950196 FLE,CA.2011.HW.cwmnw-alcan j2OCR,003950196 FLE,CA.2011.HW.cwmnw-alcan k1OCR
003950196 FLE,CA.2011.HW.cwmnw-alcan k1OCR,003950196 FLE,CA.2011.HW.cwmnw-alcan j2OCR
001159757 JJK,CA.2011.HW.systech env corp-fielding chemOCR,001159757 JJK,CA.2011.HW.envirite of oh inc.1446-10I-10OCR
001393863 FLE,CA.2011.HW.systech env corp-miller envOCR,001393863 FLE,CA.2011.HW.systech environmental corp.1452-10I-10OCR
004788534 FLE,CA 2012 HW amg-shell scotford c (2)OCR,004788534 FLE,CA.2012.HW.amg-shell scotford cOCR
004788535 FLE,CA 2012 HW amg-shell scotford c (2)OCR,004788535 FLE,CA.2012.HW.amg-shell scotford cOCR
004788467 FLE,CA 2012 HW amg-shell scotford c (2)OCR,004788467 FLE,CA.2012.HW.amg-shell scotford cOCR
004788537 FLE,CA 2012 HW amg-shell scotford c (2)OCR,004788537 FLE,CA.2012.HW.amg-shell scotford cOCR
004788536 FLE,CA 2012 HW amg-shell scotford c (2)OCR,004788536 FLE,CA.2012.HW.amg-shell scotford cOCR
004788468 FLE,CA 2012 HW amg-shell scotford c (2)OCR,004788468 FLE,CA.2012.HW.amg-shell scotford cOCR
004788538 FLE,CA 2012 HW amg-shell scotford c (2)OCR,004788538 FLE,CA.2012.HW.amg-shell scotford cOCR
004788539 FLE,CA 2012 HW amg-shell scotford c (2)OCR,004788539 FLE,CA.2012.HW.amg-shell scotford cOCR
004788543 FLE,CA 2012 HW amg-shell scotford c (2)OCR,004788543 FLE,CA.2012.HW.amg-shell scotford cOCR
004788540 FLE,CA 2012 HW amg-shell scotford c (2)OCR,004788540 FLE,CA.2012.HW.amg-shell scotford cOCR
004788545 FLE,CA 2012 HW amg-shell scotford c (2)OCR,004788545 FLE,CA.2012.HW.amg-shell scotford cOCR
004788541 FLE,CA 2012 HW amg-shell scotford c (2)OCR,004788541 FLE,CA.2012.HW.amg-shell scotford cOCR
004788542 FLE,CA 2012 HW amg-shell scotford c (2)OCR,004788542 FLE,CA.2012.HW.amg-shell scotford cOCR
004788544 FLE,CA 2012 HW amg-shell scotford c (2)OCR,004788544 FLE,CA.2012.HW.amg-shell scotford cOCR
004788547 FLE,CA 2012 HW amg-shell scotford c (2)OCR,004788547 FLE,CA.2012.HW.amg-shell scotford cOCR
004788548 FLE,CA 2012 HW amg-shell scotford c (2)OCR,004788548 FLE,CA.2012.HW.amg-shell scotford cOCR
004788546 FLE,CA 2012 HW amg-shell scotford c (2)OCR,004788546 FLE,CA.2012.HW.amg-shell scotford cOCR
004788534 FLE,CA.2012.HW.amg-shell scotford cOCR,004788534 FLE,CA 2012 HW amg-shell scotford c (2)OCR
004788535 FLE,CA.2012.HW.amg-shell scotford cOCR,004788535 FLE,CA 2012 HW amg-shell scotford c (2)OCR
004788467 FLE,CA.2012.HW.amg-shell scotford cOCR,004788467 FLE,CA 2012 HW amg-shell scotford c (2)OCR
004788537 FLE,CA.2012.HW.amg-shell scotford cOCR,004788537 FLE,CA 2012 HW amg-shell scotford c (2)OCR
004788536 FLE,CA.2012.HW.amg-shell scotford cOCR,004788536 FLE,CA 2012 HW amg-shell scotford c (2)OCR
004788468 FLE,CA.2012.HW.amg-shell scotford cOCR,004788468 FLE,CA 2012 HW amg-shell scotford c (2)OCR
004788538 FLE,CA.2012.HW.amg-shell scotford cOCR,004788538 FLE,CA 2012 HW amg-shell scotford c (2)OCR
004788539 FLE,CA.2012.HW.amg-shell scotford cOCR,004788539 FLE,CA 2012 HW amg-shell scotford c (2)OCR
004788543 FLE,CA.2012.HW.amg-shell scotford cOCR,004788543 FLE,CA 2012 HW amg-shell scotford c (2)OCR
004788540 FLE,CA.2012.HW.amg-shell scotford cOCR,004788540 FLE,CA 2012 HW amg-shell scotford c (2)OCR
004788545 FLE,CA.2012.HW.amg-shell scotford cOCR,004788545 FLE,CA 2012 HW amg-shell scotford c (2)OCR
004788541 FLE,CA.2012.HW.amg-shell scotford cOCR,004788541 FLE,CA 2012 HW amg-shell scotford c (2)OCR
004788542 FLE,CA.2012.HW.amg-shell scotford cOCR,004788542 FLE,CA 2012 HW amg-shell scotford c (2)OCR
004788544 FLE,CA.2012.HW.amg-shell scotford cOCR,004788544 FLE,CA 2012 HW amg-shell scotford c (2)OCR
004788547 FLE,CA.2012.HW.amg-shell scotford cOCR,004788547 FLE,CA 2012 HW amg-shell scotford c (2)OCR
004788548 FLE,CA.2012.HW.amg-shell scotford cOCR,004788548 FLE,CA 2012 HW amg-shell scotford c (2)OCR
004788546 FLE,CA.2012.HW.amg-shell scotford cOCR,004788546 FLE,CA 2012 HW amg-shell scotford c (2)OCR
002229953 FLE,CA.2012.HW.ch el dorado-ch thursoOCR,002229953 FLE,CA.2012.HW.clean harbors el dorado ar.3502-9I-11cOCR
002229953 FLE,CA.2012.HW.ch el dorado-ch thursoOCR,002229953 FLE,CA.2012.HW.clean harbors el dorado ar.3502-9I-11cOCR
002229953 FLE,CA.2012.HW.ch el dorado-ch thursoOCR,002229953 FLE,CA.2012.HW.clean harbors el dorado ar.3502-9I-11cOCR
002229953 FLE,CA.2012.HW.ch el dorado-ch thursoOCR,002229953 FLE,CA.2012.HW.clean harbors el dorado ar.3502-9I-11cOCR
002913380 FLE,CA.2012.HW.ch kimball ne-ch st catherineOCR,002913380 FLE,CA.2012.HW.clean harbors kimball ne.3985-1I-12aOCR
004740019 FLE,CA.2012.HW.ch kimball ne-envirosortOCR,004740019 FLE,CA.2012.HW.clean harbors kimball ne.5495-8I-12OCR
003961001 FLE,CA.2012.HW.cwmnw inc-alcan cOCR,003961001 FLE,CA.2012.HW.cwmnw inc-alcan dOCR
003961001 FLE,CA.2012.HW.cwmnw inc-alcan dOCR,003961001 FLE,CA.2012.HW.cwmnw inc-alcan cOCR
003961045 FLE,CA.2012.HW.cwmnw inc-alcan fOCR,003961045 FLE,CA.2012.HW.cwmnw inc.10124-10fOCR
002295778 JJK,CA.2010.HW.advanced chemical co.10047-09,002295778 JJK,CA.2010.HW.advanced chemical co.10171-10OCR
002295778 JJK,CA.2010.HW.advanced chemical co.10047-09,002295778 JJK,CA.2010.HW.advanced chemical co.10171-10OCR
002295778 JJK,CA.2010.HW.advanced chemical co.10047-09,002295778 JJK,CA.2010.HW.advanced chemical co.10171-10OCR
002295778 JJK,CA.2010.HW.advanced chemical co.10171-10OCR,002295778 JJK,CA.2010.HW.advanced chemical co.10047-09
002295778 JJK,CA.2010.HW.advanced chemical co.10171-10OCR,002295778 JJK,CA.2010.HW.advanced chemical co.10047-09
002295778 JJK,CA.2010.HW.advanced chemical co.10171-10OCR,002295778 JJK,CA.2010.HW.advanced chemical co.10047-09
004332745 JJK,CA.2010.HW.amlon resources llc.9797-09OCR,004332745 JJK,
004332744 JJK,CA.2010.HW.amlon resources llc.9797-09OCR,004332744 JJK,
004332738 JJK,CA.2010.HW.amlon resources llc.9797-09OCR,004332738 JJK,
004332738 JJK,CA.2010.HW.amlon resources llc.9797-09OCR,004332738 JJK,
004332738 JJK,CA.2010.HW.amlon resources llc.9797-09OCR,004332738 JJK,
004332738 JJK,CA.2010.HW.amlon resources llc.9797-09OCR,004332738 JJK,
004332737 JJK,CA.2010.HW.amlon resources llc.9797-09OCR,004332737 JJK,
004332935 JJK,CA.2010.HW.amlon resources llc.9797-09OCR,004332935 JJK,
004332757 JJK,CA.2010.HW.amlon resources llc.9797-09OCR,004332757 JJK,
004332746 JJK,CA.2010.HW.amlon resources llc.9797-09OCR,004332746 JJK,
004332747 JJK,CA.2010.HW.amlon resources llc.9797-09OCR,004332747 JJK,
004332756 JJK,CA.2010.HW.amlon resources llc.9797-09OCR,004332756 JJK,
004332726 JJK,CA.2010.HW.amlon resources llc.9797-09OCR,004332726 JJK,
004332727 JJK,CA.2010.HW.amlon resources llc.9797-09OCR,004332727 JJK,
004332728 JJK,CA.2010.HW.amlon resources llc.9797-09OCR,004332728 JJK,
004332729 JJK,CA.2010.HW.amlon resources llc.9797-09OCR,004332729 JJK,
004332730 JJK,CA.2010.HW.amlon resources llc.9797-09OCR,004332730 JJK,
004332731 JJK,CA.2010.HW.amlon resources llc.9797-09OCR,004332731 JJK,
004332732 JJK,CA.2010.HW.amlon resources llc.9797-09OCR,004332732 JJK,
004332733 JJK,CA.2010.HW.amlon resources llc.9797-09OCR,004332733 JJK,
004332735 JJK,CA.2010.HW.amlon resources llc.9797-09OCR,004332735 JJK,
004332736 JJK,CA.2010.HW.amlon resources llc.9797-09OCR,004332736 JJK,
004332753 JJK,CA.2010.HW.amlon resources llc.9797-09OCR,004332753 JJK,
004332754 JJK,CA.2010.HW.amlon resources llc.9797-09OCR,004332754 JJK,
004332755 JJK,CA.2010.HW.amlon resources llc.9797-09OCR,004332755 JJK,
002663820 JJK,CA.2010.HW.amlon resources llc.9797-09OCR,002663820 JJK,
002663821 JJK,CA.2010.HW.amlon resources llc.9797-09OCR,002663821 JJK,
002663827 JJK,CA.2010.HW.amlon resources llc.9797-09OCR,002663827 JJK,
002663828 JJK,CA.2010.HW.amlon resources llc.9797-09OCR,002663828 JJK,
002664960 FLE,CA.2010.HW.clean harbors kimball ne.10273-10eOCR,002664960 FLE,CA.2010.HW.clean harbors kimball ne.10273-10fOCR
002664960 FLE,CA.2010.HW.clean harbors kimball ne.10273-10fOCR,002664960 FLE,CA.2010.HW.clean harbors kimball ne.10273-10eOCR
002664971 FLE,CA.2010.HW.clean harbors kimball ne.10273-10gOCR,002664971 FLE,CA.2010.HW.clean harbors kimball-ch deltaOCR
002664974 FLE,CA.2010.HW.clean harbors kimball ne.1338-9I-10OCR,002664974 FLE,CA.2010.HW.clean harbors kimball-ch deltaOCR
000166706 FLE,CA.2010.HW.dynecol inc.1078-7I-10OCR,000166706 FLE,CA.2010.HW.dynecol inc.521877OCR
000166706 FLE,CA.2010.HW.dynecol inc.521877OCR,000166706 FLE,CA.2010.HW.dynecol inc.1078-7I-10OCR
001741357 FLE,CA.2010.HW.emerald services inc.829-6I-10OCR,001741357 FLE,CA.2011.HW.emerald services inc.829-6I-10OCR
002277083 JJK,CA.2010.HW.ross incineration svcs.10153-10OCR,002277083 JJK,CA.2010.HW.ross incin-photechOCR
002277083 JJK,CA.2010.HW.ross incineration svcs.10153-10OCR,002277083 JJK,CA.2010.HW.ross incin-photechOCR
002277083 JJK,CA.2010.HW.ross incineration svcs.10153-10OCR,002277083 JJK,CA.2010.HW.ross incin-photechOCR
002277083 JJK,CA.2010.HW.ross incineration svcs.10153-10OCR,002277083 JJK,CA.2010.HW.ross incin-photechOCR
004830473 JJK,CA.2010.HW.systech corporation.9828-09cOCR,004830473 JJK,CA.2010.HW.systech corporation.9828-09aOCR
004830473 JJK,CA.2010.HW.systech corporation.9828-09aOCR,004830473 JJK,CA.2010.HW.systech corporation.9828-09cOCR
004830499 JJK,CA.2010.HW.systech corporation.9828-09aOCR,004830499 JJK,CA.2010.HW.systech-hotzOCR
001587566 JJK,MX.2010.HW.amlon resources llc.9842-09OCR,001587566 JJK,
002663823 JJK,MX.2010.HW.amlon resources llc.9842-09OCR,002663823 JJK,
004869022 JJK,CA.2011.HW.systech environmental corp.2514-4I-11fOCR,004869022 JJK,CA.2011.HW.systech environmental corp.2514-4I-11dOCR
004869022 JJK,CA.2011.HW.systech environmental corp.2514-4I-11dOCR,004869022 JJK,CA.2011.HW.systech environmental corp.2514-4I-11fOCR
001393863 FLE,CA.2011.HW.systech environmental corp.1452-10I-10OCR,001393863 FLE,CA.2011.HW.systech env corp-miller envOCR
001159757 JJK,CA.2011.HW.envirite of oh inc.1446-10I-10OCR,001159757 JJK,CA.2011.HW.systech env corp-fielding chemOCR
001741357 FLE,CA.2011.HW.emerald services inc.829-6I-10OCR,001741357 FLE,CA.2010.HW.emerald services inc.829-6I-10OCR
003896030 FLE,CA.2011.HW.clean harbors kimball ne.1338-9I-10bOCR,003896030 FLE,CA.2011.HW.ch kimball ne-ch delta feb-sepOCR
002913155 FLE,CA.2011.HW.clean harbors el dorado ar.1864-1I-11OCR,002913155 FLE,CA.2011.HW.ch el dorado-ch mississaugaOCR
002913235 FLE,CA.2011.HW.clean harbors 2027 la porte tx.3028-7I-11OCR,002913235 FLE,CA.2011.HW.ch 2027 la porte tx-ch mississaugaOCR
002913235 FLE,CA.2011.HW.clean harbors 2027 la porte tx.3028-7I-11OCR,002913235 FLE,CA.2011.HW.ch 2027 la porte tx-ch mississaugaOCR
002913235 FLE,CA.2011.HW.clean harbors 2027 la porte tx.3028-7I-11OCR,002913235 FLE,CA.2011.HW.ch 2027 la porte tx-ch mississaugaOCR
002913235 FLE,CA.2011.HW.clean harbors 2027 la porte tx.3028-7I-11OCR,002913235 FLE,CA.2011.HW.ch 2027 la porte tx-ch mississaugaOCR
002913235 FLE,CA.2011.HW.clean harbors 2027 la porte tx.3028-7I-11OCR,002913235 FLE,CA.2011.HW.ch 2027 la porte tx-ch mississaugaOCR
002913235 FLE,CA.2011.HW.clean harbors 2027 la porte tx.3028-7I-11OCR,002913235 FLE,CA.2011.HW.ch 2027 la porte tx-ch mississaugaOCR
002913235 FLE,CA.2011.HW.clean harbors 2027 la porte tx.3028-7I-11OCR,002913235 FLE,CA.2011.HW.ch 2027 la porte tx-ch mississaugaOCR
002913235 FLE,CA.2011.HW.clean harbors 2027 la porte tx.3028-7I-11OCR,002913235 FLE,CA.2011.HW.ch 2027 la porte tx-ch mississaugaOCR
002913235 FLE,CA.2011.HW.clean harbors 2027 la porte tx.3028-7I-11OCR,002913235 FLE,CA.2011.HW.ch 2027 la porte tx-ch mississaugaOCR
002913235 FLE,CA.2011.HW.clean harbors 2027 la porte tx.3028-7I-11OCR,002913235 FLE,CA.2011.HW.ch 2027 la porte tx-ch mississaugaOCR
002913235 FLE,CA.2011.HW.clean harbors 2027 la porte tx.3028-7I-11OCR,002913235 FLE,CA.2011.HW.ch 2027 la porte tx-ch mississaugaOCR
002913235 FLE,CA.2011.HW.clean harbors 2027 la porte tx.3028-7I-11OCR,002913235 FLE,CA.2011.HW.ch 2027 la porte tx-ch mississaugaOCR
002913235 FLE,CA.2011.HW.clean harbors 2027 la porte tx.3028-7I-11OCR,002913235 FLE,CA.2011.HW.ch 2027 la porte tx-ch mississaugaOCR
002913235 FLE,CA.2011.HW.clean harbors 2027 la porte tx.3028-7I-11OCR,002913235 FLE,CA.2011.HW.ch 2027 la porte tx-ch mississaugaOCR
002913235 FLE,CA.2011.HW.clean harbors 2027 la porte tx.3028-7I-11OCR,002913235 FLE,CA.2011.HW.ch 2027 la porte tx-ch mississaugaOCR
002913235 FLE,CA.2011.HW.clean harbors 2027 la porte tx.3028-7I-11OCR,002913235 FLE,CA.2011.HW.ch 2027 la porte tx-ch mississaugaOCR
002913235 FLE,CA.2011.HW.clean harbors 2027 la porte tx.3028-7I-11OCR,002913235 FLE,CA.2011.HW.ch 2027 la porte tx-ch mississaugaOCR
002913235 FLE,CA.2011.HW.clean harbors 2027 la porte tx.3028-7I-11OCR,002913235 FLE,CA.2011.HW.ch 2027 la porte tx-ch mississaugaOCR
002913235 FLE,CA.2011.HW.clean harbors 2027 la porte tx.3028-7I-11OCR,002913235 FLE,CA.2011.HW.ch 2027 la porte tx-ch mississaugaOCR
002913235 FLE,CA.2011.HW.clean harbors 2027 la porte tx.3028-7I-11OCR,002913235 FLE,CA.2011.HW.ch 2027 la porte tx-ch mississaugaOCR
002913235 FLE,CA.2011.HW.clean harbors 2027 la porte tx.3028-7I-11OCR,002913235 FLE,CA.2011.HW.ch 2027 la porte tx-ch mississaugaOCR
002913235 FLE,CA.2011.HW.clean harbors 2027 la porte tx.3028-7I-11OCR,002913235 FLE,CA.2011.HW.ch 2027 la porte tx-ch mississaugaOCR
002913235 FLE,CA.2011.HW.clean harbors 2027 la porte tx.3028-7I-11OCR,002913235 FLE,CA.2011.HW.ch 2027 la porte tx-ch mississaugaOCR
002913235 FLE,CA.2011.HW.clean harbors 2027 la porte tx.3028-7I-11OCR,002913235 FLE,CA.2011.HW.ch 2027 la porte tx-ch mississaugaOCR
002913235 FLE,CA.2011.HW.clean harbors 2027 la porte tx.3028-7I-11OCR,002913235 FLE,CA.2011.HW.ch 2027 la porte tx-ch mississaugaOCR
002913235 FLE,CA.2011.HW.clean harbors 2027 la porte tx.3028-7I-11OCR,002913235 FLE,CA.2011.HW.ch 2027 la porte tx-ch mississaugaOCR
002913235 FLE,CA.2011.HW.clean harbors 2027 la porte tx.3028-7I-11OCR,002913235 FLE,CA.2011.HW.ch 2027 la porte tx-ch mississaugaOCR
002913235 FLE,CA.2011.HW.clean harbors 2027 la porte tx.3028-7I-11OCR,002913235 FLE,CA.2011.HW.ch 2027 la porte tx-ch mississaugaOCR
002913235 FLE,CA.2011.HW.clean harbors 2027 la porte tx.3028-7I-11OCR,002913235 FLE,CA.2011.HW.ch 2027 la porte tx-ch mississaugaOCR
002913235 FLE,CA.2011.HW.clean harbors 2027 la porte tx.3028-7I-11OCR,002913235 FLE,CA.2011.HW.ch 2027 la porte tx-ch mississaugaOCR
002913235 FLE,CA.2011.HW.clean harbors 2027 la porte tx.3028-7I-11OCR,002913235 FLE,CA.2011.HW.ch 2027 la porte tx-ch mississaugaOCR
002913235 FLE,CA.2011.HW.clean harbors 2027 la porte tx.3028-7I-11OCR,002913235 FLE,CA.2011.HW.ch 2027 la porte tx-ch mississaugaOCR
002913235 FLE,CA.2011.HW.clean harbors 2027 la porte tx.3028-7I-11OCR,002913235 FLE,CA.2011.HW.ch 2027 la porte tx-ch mississaugaOCR
002913235 FLE,CA.2011.HW.clean harbors 2027 la porte tx.3028-7I-11OCR,002913235 FLE,CA.2011.HW.ch 2027 la porte tx-ch mississaugaOCR
002913235 FLE,CA.2011.HW.clean harbors 2027 la porte tx.3028-7I-11OCR,002913235 FLE,CA.2011.HW.ch 2027 la porte tx-ch mississaugaOCR
002913235 FLE,CA.2011.HW.clean harbors 2027 la porte tx.3028-7I-11OCR,002913235 FLE,CA.2011.HW.ch 2027 la porte tx-ch mississaugaOCR
002913235 FLE,CA.2011.HW.clean harbors 2027 la porte tx.3028-7I-11OCR,002913235 FLE,CA.2011.HW.ch 2027 la porte tx-ch mississaugaOCR
002913235 FLE,CA.2011.HW.clean harbors 2027 la porte tx.3028-7I-11OCR,002913235 FLE,CA.2011.HW.ch 2027 la porte tx-ch mississaugaOCR
002913235 FLE,CA.2011.HW.clean harbors 2027 la porte tx.3028-7I-11OCR,002913235 FLE,CA.2011.HW.ch 2027 la porte tx-ch mississaugaOCR
002913235 FLE,CA.2011.HW.clean harbors 2027 la porte tx.3028-7I-11OCR,002913235 FLE,CA.2011.HW.ch 2027 la porte tx-ch mississaugaOCR
002913235 FLE,CA.2011.HW.clean harbors 2027 la porte tx.3028-7I-11OCR,002913235 FLE,CA.2011.HW.ch 2027 la porte tx-ch mississaugaOCR
002913235 FLE,CA.2011.HW.clean harbors 2027 la porte tx.3028-7I-11OCR,002913235 FLE,CA.2011.HW.ch 2027 la porte tx-ch mississaugaOCR
002913235 FLE,CA.2011.HW.clean harbors 2027 la porte tx.3028-7I-11OCR,002913235 FLE,CA.2011.HW.ch 2027 la porte tx-ch mississaugaOCR
002913235 FLE,CA.2011.HW.clean harbors 2027 la porte tx.3028-7I-11OCR,002913235 FLE,CA.2011.HW.ch 2027 la porte tx-ch mississaugaOCR
002913235 FLE,CA.2011.HW.clean harbors 2027 la porte tx.3028-7I-11OCR,002913235 FLE,CA.2011.HW.ch 2027 la porte tx-ch mississaugaOCR
002913235 FLE,CA.2011.HW.clean harbors 2027 la porte tx.3028-7I-11OCR,002913235 FLE,CA.2011.HW.ch 2027 la porte tx-ch mississaugaOCR
002913235 FLE,CA.2011.HW.clean harbors 2027 la porte tx.3028-7I-11OCR,002913235 FLE,CA.2011.HW.ch 2027 la porte tx-ch mississaugaOCR
002913235 FLE,CA.2011.HW.clean harbors 2027 la porte tx.3028-7I-11OCR,002913235 FLE,CA.2011.HW.ch 2027 la porte tx-ch mississaugaOCR
002913235 FLE,CA.2011.HW.clean harbors 2027 la porte tx.3028-7I-11OCR,002913235 FLE,CA.2011.HW.ch 2027 la porte tx-ch mississaugaOCR
002913235 FLE,CA.2011.HW.clean harbors 2027 la porte tx.3028-7I-11OCR,002913235 FLE,CA.2011.HW.ch 2027 la porte tx-ch mississaugaOCR
002913235 FLE,CA.2011.HW.clean harbors 2027 la porte tx.3028-7I-11OCR,002913235 FLE,CA.2011.HW.ch 2027 la porte tx-ch mississaugaOCR
002913235 FLE,CA.2011.HW.clean harbors 2027 la porte tx.3028-7I-11OCR,002913235 FLE,CA.2011.HW.ch 2027 la porte tx-ch mississaugaOCR
002913235 FLE,CA.2011.HW.clean harbors 2027 la porte tx.3028-7I-11OCR,002913235 FLE,CA.2011.HW.ch 2027 la porte tx-ch mississaugaOCR
002913235 FLE,CA.2011.HW.clean harbors 2027 la porte tx.3028-7I-11OCR,002913235 FLE,CA.2011.HW.ch 2027 la porte tx-ch mississaugaOCR
002913235 FLE,CA.2011.HW.clean harbors 2027 la porte tx.3028-7I-11OCR,002913235 FLE,CA.2011.HW.ch 2027 la porte tx-ch mississaugaOCR
002913235 FLE,CA.2011.HW.clean harbors 2027 la porte tx.3028-7I-11OCR,002913235 FLE,CA.2011.HW.ch 2027 la porte tx-ch mississaugaOCR
002913235 FLE,CA.2011.HW.clean harbors 2027 la porte tx.3028-7I-11OCR,002913235 FLE,CA.2011.HW.ch 2027 la porte tx-ch mississaugaOCR
002913235 FLE,CA.2011.HW.clean harbors 2027 la porte tx.3028-7I-11OCR,002913235 FLE,CA.2011.HW.ch 2027 la porte tx-ch mississaugaOCR
002913235 FLE,CA.2011.HW.clean harbors 2027 la porte tx.3028-7I-11OCR,002913235 FLE,CA.2011.HW.ch 2027 la porte tx-ch mississaugaOCR
002913235 FLE,CA.2011.HW.clean harbors 2027 la porte tx.3028-7I-11OCR,002913235 FLE,CA.2011.HW.ch 2027 la porte tx-ch mississaugaOCR
002913235 FLE,CA.2011.HW.clean harbors 2027 la porte tx.3028-7I-11OCR,002913235 FLE,CA.2011.HW.ch 2027 la porte tx-ch mississaugaOCR
002913235 FLE,CA.2011.HW.clean harbors 2027 la porte tx.3028-7I-11OCR,002913235 FLE,CA.2011.HW.ch 2027 la porte tx-ch mississaugaOCR
002913235 FLE,CA.2011.HW.clean harbors 2027 la porte tx.3028-7I-11OCR,002913235 FLE,CA.2011.HW.ch 2027 la porte tx-ch mississaugaOCR
002913235 FLE,CA.2011.HW.clean harbors 2027 la porte tx.3028-7I-11OCR,002913235 FLE,CA.2011.HW.ch 2027 la porte tx-ch mississaugaOCR
002913235 FLE,CA.2011.HW.clean harbors 2027 la porte tx.3028-7I-11OCR,002913235 FLE,CA.2011.HW.ch 2027 la porte tx-ch mississaugaOCR
002913235 FLE,CA.2011.HW.clean harbors 2027 la porte tx.3028-7I-11OCR,002913235 FLE,CA.2011.HW.ch 2027 la porte tx-ch mississaugaOCR
002913235 FLE,CA.2011.HW.clean harbors 2027 la porte tx.3028-7I-11OCR,002913235 FLE,CA.2011.HW.ch 2027 la porte tx-ch mississaugaOCR
002913235 FLE,CA.2011.HW.clean harbors 2027 la porte tx.3028-7I-11OCR,002913235 FLE,CA.2011.HW.ch 2027 la porte tx-ch mississaugaOCR
002913235 FLE,CA.2011.HW.clean harbors 2027 la porte tx.3028-7I-11OCR,002913235 FLE,CA.2011.HW.ch 2027 la porte tx-ch mississaugaOCR
002913235 FLE,CA.2011.HW.clean harbors 2027 la porte tx.3028-7I-11OCR,002913235 FLE,CA.2011.HW.ch 2027 la porte tx-ch mississaugaOCR
002913235 FLE,CA.2011.HW.clean harbors 2027 la porte tx.3028-7I-11OCR,002913235 FLE,CA.2011.HW.ch 2027 la porte tx-ch mississaugaOCR
002913235 FLE,CA.2011.HW.clean harbors 2027 la porte tx.3028-7I-11OCR,002913235 FLE,CA.2011.HW.ch 2027 la porte tx-ch mississaugaOCR
002913235 FLE,CA.2011.HW.clean harbors 2027 la porte tx.3028-7I-11OCR,002913235 FLE,CA.2011.HW.ch 2027 la porte tx-ch mississaugaOCR
002913235 FLE,CA.2011.HW.clean harbors 2027 la porte tx.3028-7I-11OCR,002913235 FLE,CA.2011.HW.ch 2027 la porte tx-ch mississaugaOCR
002913235 FLE,CA.2011.HW.clean harbors 2027 la porte tx.3028-7I-11OCR,002913235 FLE,CA.2011.HW.ch 2027 la porte tx-ch mississaugaOCR
002913235 FLE,CA.2011.HW.clean harbors 2027 la porte tx.3028-7I-11OCR,002913235 FLE,CA.2011.HW.ch 2027 la porte tx-ch mississaugaOCR
002913235 FLE,CA.2011.HW.clean harbors 2027 la porte tx.3028-7I-11OCR,002913235 FLE,CA.2011.HW.ch 2027 la porte tx-ch mississaugaOCR
002913235 FLE,CA.2011.HW.clean harbors 2027 la porte tx.3028-7I-11OCR,002913235 FLE,CA.2011.HW.ch 2027 la porte tx-ch mississaugaOCR
002913235 FLE,CA.2011.HW.clean harbors 2027 la porte tx.3028-7I-11OCR,002913235 FLE,CA.2011.HW.ch 2027 la porte tx-ch mississaugaOCR
002913235 FLE,CA.2011.HW.clean harbors 2027 la porte tx.3028-7I-11OCR,002913235 FLE,CA.2011.HW.ch 2027 la porte tx-ch mississaugaOCR
002635256 JJK,CA.2011.HW.agmet metals inc.2431-3I-11OCR,002635256 JJK,CA.2011.HW.agmet metals inc.1534-10I-10OCR
002631086 JJK,CA.2011.HW.agmet metals inc.2431-3I-11OCR,002631086 JJK,CA.2011.HW.agmet metals inc.1534-10I-10OCR
002631055 JJK,CA.2011.HW.agmet metals inc.2431-3I-11OCR,002631055 JJK,CA.2011.HW.agmet metals inc.1534-10I-10OCR
002631085 JJK,CA.2011.HW.agmet metals inc.2431-3I-11OCR,002631085 JJK,CA.2011.HW.agmet metals inc.1534-10I-10OCR
002635256 JJK,CA.2011.HW.agmet metals inc.1534-10I-10OCR,002635256 JJK,CA.2011.HW.agmet metals inc.2431-3I-11OCR
002631086 JJK,CA.2011.HW.agmet metals inc.1534-10I-10OCR,002631086 JJK,CA.2011.HW.agmet metals inc.2431-3I-11OCR
002631055 JJK,CA.2011.HW.agmet metals inc.1534-10I-10OCR,002631055 JJK,CA.2011.HW.agmet metals inc.2431-3I-11OCR
002631085 JJK,CA.2011.HW.agmet metals inc.1534-10I-10OCR,002631085 JJK,CA.2011.HW.agmet metals inc.2431-3I-11OCR
001887336 GBF,CA.2012.HW.alcoa metal co.4682-4I-12eOCR,001887336 GBF,CA.2012.HW.alcoa metal co.4682-4I-12fOCR
001887336 GBF,CA.2012.HW.alcoa metal co.4682-4I-12fOCR,001887336 GBF,CA.2012.HW.alcoa metal co.4682-4I-12eOCR
002229953 FLE,CA.2012.HW.clean harbors el dorado ar.3502-9I-11cOCR,002229953 FLE,CA.2012.HW.ch el dorado-ch thursoOCR
002229953 FLE,CA.2012.HW.clean harbors el dorado ar.3502-9I-11cOCR,002229953 FLE,CA.2012.HW.ch el dorado-ch thursoOCR
002229953 FLE,CA.2012.HW.clean harbors el dorado ar.3502-9I-11cOCR,002229953 FLE,CA.2012.HW.ch el dorado-ch thursoOCR
002229953 FLE,CA.2012.HW.clean harbors el dorado ar.3502-9I-11cOCR,002229953 FLE,CA.2012.HW.ch el dorado-ch thursoOCR
003896426 FLE,CA.2012.HW.clean harbors el dorado ar.4221-2I-12aOCR,003896426 FLE,CA.2012.HW.clean harbors kimball ne.4223-2I-12eOCR
003896426 FLE,CA.2012.HW.clean harbors el dorado ar.4221-2I-12aOCR,003896426 FLE,CA.2012.HW.clean harbors kimball ne.4223-2I-12eOCR
003896426 FLE,CA.2012.HW.clean harbors el dorado ar.4221-2I-12aOCR,003896426 FLE,CA.2012.HW.clean harbors kimball ne.4223-2I-12eOCR
002913380 FLE,CA.2012.HW.clean harbors kimball ne.3985-1I-12aOCR,002913380 FLE,CA.2012.HW.ch kimball ne-ch st catherineOCR
003896426 FLE,CA.2012.HW.clean harbors kimball ne.4223-2I-12eOCR,003896426 FLE,CA.2012.HW.clean harbors el dorado ar.4221-2I-12aOCR
003896426 FLE,CA.2012.HW.clean harbors kimball ne.4223-2I-12eOCR,003896426 FLE,CA.2012.HW.clean harbors el dorado ar.4221-2I-12aOCR
003896426 FLE,CA.2012.HW.clean harbors kimball ne.4223-2I-12eOCR,003896426 FLE,CA.2012.HW.clean harbors el dorado ar.4221-2I-12aOCR
003896452 FLE,CA.2012.HW.clean harbors kimball ne.4223-2I-12eOCR,003896452 FLE,CA.2012.HW.clean harbors kimball ne.4223-2I-12fOCR
003896452 FLE,CA.2012.HW.clean harbors kimball ne.4223-2I-12eOCR,003896452 FLE,CA.2012.HW.clean harbors kimball ne.4223-2I-12fOCR
003896452 FLE,CA.2012.HW.clean harbors kimball ne.4223-2I-12eOCR,003896452 FLE,CA.2012.HW.clean harbors kimball ne.4223-2I-12fOCR
003896452 FLE,CA.2012.HW.clean harbors kimball ne.4223-2I-12eOCR,003896452 FLE,CA.2012.HW.clean harbors kimball ne.4223-2I-12fOCR
003896452 FLE,CA.2012.HW.clean harbors kimball ne.4223-2I-12eOCR,003896452 FLE,CA.2012.HW.clean harbors kimball ne.4223-2I-12fOCR
003896452 FLE,CA.2012.HW.clean harbors kimball ne.4223-2I-12eOCR,003896452 FLE,CA.2012.HW.clean harbors kimball ne.4223-2I-12fOCR
003896452 FLE,CA.2012.HW.clean harbors kimball ne.4223-2I-12eOCR,003896452 FLE,CA.2012.HW.clean harbors kimball ne.4223-2I-12fOCR
003896452 FLE,CA.2012.HW.clean harbors kimball ne.4223-2I-12eOCR,003896452 FLE,CA.2012.HW.clean harbors kimball ne.4223-2I-12fOCR
003896452 FLE,CA.2012.HW.clean harbors kimball ne.4223-2I-12eOCR,003896452 FLE,CA.2012.HW.clean harbors kimball ne.4223-2I-12fOCR
003896452 FLE,CA.2012.HW.clean harbors kimball ne.4223-2I-12eOCR,003896452 FLE,CA.2012.HW.clean harbors kimball ne.4223-2I-12fOCR
003896452 FLE,CA.2012.HW.clean harbors kimball ne.4223-2I-12fOCR,003896452 FLE,CA.2012.HW.clean harbors kimball ne.4223-2I-12eOCR
003896452 FLE,CA.2012.HW.clean harbors kimball ne.4223-2I-12fOCR,003896452 FLE,CA.2012.HW.clean harbors kimball ne.4223-2I-12eOCR
003896452 FLE,CA.2012.HW.clean harbors kimball ne.4223-2I-12fOCR,003896452 FLE,CA.2012.HW.clean harbors kimball ne.4223-2I-12eOCR
003896452 FLE,CA.2012.HW.clean harbors kimball ne.4223-2I-12fOCR,003896452 FLE,CA.2012.HW.clean harbors kimball ne.4223-2I-12eOCR
003896452 FLE,CA.2012.HW.clean harbors kimball ne.4223-2I-12fOCR,003896452 FLE,CA.2012.HW.clean harbors kimball ne.4223-2I-12eOCR
003896452 FLE,CA.2012.HW.clean harbors kimball ne.4223-2I-12fOCR,003896452 FLE,CA.2012.HW.clean harbors kimball ne.4223-2I-12eOCR
003896452 FLE,CA.2012.HW.clean harbors kimball ne.4223-2I-12fOCR,003896452 FLE,CA.2012.HW.clean harbors kimball ne.4223-2I-12eOCR
003896452 FLE,CA.2012.HW.clean harbors kimball ne.4223-2I-12fOCR,003896452 FLE,CA.2012.HW.clean harbors kimball ne.4223-2I-12eOCR
003896452 FLE,CA.2012.HW.clean harbors kimball ne.4223-2I-12fOCR,003896452 FLE,CA.2012.HW.clean harbors kimball ne.4223-2I-12eOCR
003896452 FLE,CA.2012.HW.clean harbors kimball ne.4223-2I-12fOCR,003896452 FLE,CA.2012.HW.clean harbors kimball ne.4223-2I-12eOCR
004740019 FLE,CA.2012.HW.clean harbors kimball ne.5495-8I-12OCR,004740019 FLE,CA.2012.HW.ch kimball ne-envirosortOCR
003961045 FLE,CA.2012.HW.cwmnw inc.10124-10fOCR,003961045 FLE,CA.2012.HW.cwmnw inc-alcan fOCR
